발행인,오류여부,주관사,시공사
일반기업,지에스건설,기초자산에 대한 신용보강,지에스건설
일반기업,지에스건설,기초자산에 대한 신용보강,지에스건설
일반기업,지에스건설,기초자산에 대한 신용보강,지에스건설
일반기업,지에스건설,기초자산에 대한 신용보강,지에스건설
일반기업,지에스건설,기초자산에 대한 신용보강,지에스건설
일반기업,지에스건설,기초자산에 대한 신용보강,지에스건설
일반기업,지에스건설,기초자산에 대한 신용보강,지에스건설
일반기업,지에스건설,기초자산에 대한 신용보강,지에스건설
금융기관,메리츠증권,SPC 또는 유동화증권에 대한 신용보강,신세계건설
금융기관,신한은행,SPC 또는 유동화증권에 대한 신용보강,롯데건설
금융기관,신한은행,SPC 또는 유동화증권에 대한 신용보강,롯데건설
금융기관,신한은행,SPC 또는 유동화증권에 대한 신용보강,롯데건설
금융기관,신한은행,SPC 또는 유동화증권에 대한 신용보강,롯데건설
금융기관,신한은행,유동화증권 매입보장,현대엔지니어링
금융기관,신한은행,유동화증권 매입보장,현대엔지니어링
금융기관,신한은행,유동화증권 매입보장,현대엔지니어링
금융기관,신한은행,유동화증권 매입보장,현대엔지니어링
금융기관,신한은행,유동화증권 매입보장,현대엔지니어링
금융기관,신한은행,유동화증권 매입보장,현대엔지니어링
금융기관,신한은행,SPC 또는 유동화증권에 대한 신용보강,지에스건설
금융기관,신한은행,SPC 또는 유동화증권에 대한 신용보강,지에스건설
금융기관,신한은행,SPC 또는 유동화증권에 대한 신용보강,지에스건설
금융기관,신한은행,SPC 또는 유동화증권에 대한 신용보강,지에스건설
금융기관,신한은행,SPC 또는 유동화증권에 대한 신용보강,지에스건설
금융기관,신한은행,SPC 또는 유동화증권에 대한 신용보강,지에스건설
금융기관,신한은행,SPC 또는 유동화증권에 대한 신용보강,지에스건설
금융기관,신한은행,SPC 또는 유동화증권에 대한 신용보강,지에스건설
금융기관,신한은행,SPC 또는 유동화증권에 대한 신용보강,현대엔지니어링
금융기관,신한은행,SPC 또는 유동화증권에 대한 신용보강,현대엔지니어링
금융기관,신한은행,SPC 또는 유동화증권에 대한 신용보강,현대엔지니어링
금융기관,신한은행여의도지점,SPC 또는 유동화증권에 대한 신용보강,활림건설(주)
금융기관,신한은행여의도지점,SPC 또는 유동화증권에 대한 신용보강,활림건설(주)
금융기관,신한은행여의도지점,SPC 또는 유동화증권에 대한 신용보강,활림건설(주)
금융기관,신한은행여의도지점,SPC 또는 유동화증권에 대한 신용보강,활림건설(주)
금융기관,신한은행여의도지점,SPC 또는 유동화증권에 대한 신용보강,활림건설(주)
금융기관,신한은행여의도지점,SPC 또는 유동화증권에 대한 신용보강,활림건설(주)
금융기관,농협은행,유동화증권 매입보장,(주)포스코이앤씨
금융기관,농협은행,유동화증권 매입보장,(주)포스코이앤씨
금융기관,농협은행,유동화증권 매입보장,(주)포스코이앤씨
금융기관,농협은행,유동화증권 매입보장,(주)포스코이앤씨
금융기관,농협은행,유동화증권 매입보장,(주)포스코이앤씨
금융기관,농협은행,유동화증권 매입보장,(주)포스코이앤씨
금융기관,신한은행,SPC 또는 유동화증권에 대한 신용보강,라인건설
금융기관,신한은행,SPC 또는 유동화증권에 대한 신용보강,라인건설
금융기관,신한은행,SPC 또는 유동화증권에 대한 신용보강,한울
금융기관,신한은행,SPC 또는 유동화증권에 대한 신용보강,한울
금융기관,신한은행,SPC 또는 유동화증권에 대한 신용보강,한울
금융기관,신한은행,유동화증권 매입보장,현대건설
금융기관,신한은행,유동화증권 매입보장,현대건설
금융기관,신한은행,유동화증권 매입보장,현대건설
금융기관,신한은행,유동화증권 매입보장,현대건설
금융기관,신한은행,유동화증권 매입보장,대우건설
금융기관,신한은행,SPC 또는 유동화증권에 대한 신용보강,케이씨씨건설
금융기관,신한은행,SPC 또는 유동화증권에 대한 신용보강,케이씨씨건설
금융기관,신한은행,SPC 또는 유동화증권에 대한 신용보강,케이씨씨건설
금융기관,신한은행,SPC 또는 유동화증권에 대한 신용보강,케이씨씨건설
금융기관,신한은행,SPC 또는 유동화증권에 대한 신용보강,케이씨씨건설
금융기관,신한은행,SPC 또는 유동화증권에 대한 신용보강,케이씨씨건설
금융기관,신한은행,SPC 또는 유동화증권에 대한 신용보강,케이씨씨건설
금융기관,국민은행,SPC 또는 유동화증권에 대한 신용보강,현대건설
금융기관,국민은행,SPC 또는 유동화증권에 대한 신용보강,현대건설
금융기관,국민은행,SPC 또는 유동화증권에 대한 신용보강,현대건설
금융기관,국민은행,SPC 또는 유동화증권에 대한 신용보강,현대건설
금융기관,국민은행,SPC 또는 유동화증권에 대한 신용보강,현대건설
금융기관,신한은행,유동화증권 매입보장,한화건설
금융기관,신한은행,유동화증권 매입보장,한화건설
금융기관,하나은행,유동화증권 매입보장,롯데건설
금융기관,하나은행,유동화증권 매입보장,롯데건설
금융기관,하나은행,유동화증권 매입보장,롯데건설
금융기관,하나은행,유동화증권 매입보장,롯데건설
금융기관,하나은행,유동화증권 매입보장,롯데건설
금융기관,하나은행,유동화증권 매입보장,롯데건설
일반기업,현대건설,유동화증권 매입보장,현대건설
일반기업,현대건설,유동화증권 매입보장,현대건설
일반기업,현대건설,유동화증권 매입보장,현대건설
일반기업,현대건설,유동화증권 매입보장,현대건설
일반기업,현대건설,유동화증권 매입보장,현대건설
일반기업,현대건설,유동화증권 매입보장,현대건설
금융기관,경남은행,SPC 또는 유동화증권에 대한 신용보강,에이치디씨현대산업개발
금융기관,경남은행,SPC 또는 유동화증권에 대한 신용보강,에이치디씨현대산업개발
금융기관,경남은행,SPC 또는 유동화증권에 대한 신용보강,에이치디씨현대산업개발
금융기관,경남은행,SPC 또는 유동화증권에 대한 신용보강,에이치디씨현대산업개발
금융기관,경남은행,SPC 또는 유동화증권에 대한 신용보강,에이치디씨현대산업개발
금융기관,경남은행,SPC 또는 유동화증권에 대한 신용보강,에이치디씨현대산업개발
금융기관,경남은행,SPC 또는 유동화증권에 대한 신용보강,에이치디씨현대산업개발
금융기관,경남은행,SPC 또는 유동화증권에 대한 신용보강,에이치디씨현대산업개발
금융기관,경남은행,SPC 또는 유동화증권에 대한 신용보강,에이치디씨현대산업개발
금융기관,경남은행,SPC 또는 유동화증권에 대한 신용보강,에이치디씨현대산업개발
금융기관,경남은행,SPC 또는 유동화증권에 대한 신용보강,에이치디씨현대산업개발
금융기관,경남은행,SPC 또는 유동화증권에 대한 신용보강,에이치디씨현대산업개발
일반기업,현대건설,SPC 또는 유동화증권에 대한 신용보강,현대건설
일반기업,현대건설,SPC 또는 유동화증권에 대한 신용보강,현대건설
일반기업,현대건설,SPC 또는 유동화증권에 대한 신용보강,현대건설
일반기업,현대건설,SPC 또는 유동화증권에 대한 신용보강,현대건설
일반기업,현대건설,SPC 또는 유동화증권에 대한 신용보강,현대건설
일반기업,현대건설,SPC 또는 유동화증권에 대한 신용보강,현대건설
일반기업,현대건설,SPC 또는 유동화증권에 대한 신용보강,현대건설
일반기업,현대건설,SPC 또는 유동화증권에 대한 신용보강,현대건설
일반기업,현대건설,SPC 또는 유동화증권에 대한 신용보강,현대건설
일반기업,현대건설,SPC 또는 유동화증권에 대한 신용보강,현대건설
금융기관,하나은행,유동화증권 매입보장,현대건설
금융기관,하나은행,유동화증권 매입보장,현대건설
금융기관,하나은행,유동화증권 매입보장,현대건설
금융기관,하나은행,유동화증권 매입보장,현대건설
금융기관,하나은행,유동화증권 매입보장,현대건설
금융기관,하나은행,유동화증권 매입보장,현대건설
금융기관,하나은행,유동화증권 매입보장,현대건설
금융기관,하나은행,유동화증권 매입보장,현대건설
금융기관,하나은행,유동화증권 매입보장,현대건설
금융기관,하나은행,유동화증권 매입보장,현대건설
금융기관,우리은행,SPC 또는 유동화증권에 대한 신용보강,디엘이앤씨 주식회사
금융기관,우리은행,SPC 또는 유동화증권에 대한 신용보강,디엘이앤씨 주식회사
금융기관,우리은행,SPC 또는 유동화증권에 대한 신용보강,디엘이앤씨 주식회사
금융기관,우리은행,SPC 또는 유동화증권에 대한 신용보강,디엘이앤씨 주식회사
금융기관,우리은행,SPC 또는 유동화증권에 대한 신용보강,디엘이앤씨 주식회사
금융기관,우리은행,SPC 또는 유동화증권에 대한 신용보강,디엘이앤씨 주식회사
금융기관,신한은행,유동화증권 매입보장,현대엔지니어링
금융기관,신한은행,유동화증권 매입보장,현대엔지니어링
금융기관,신한은행,유동화증권 매입보장,현대엔지니어링
금융기관,신한은행,유동화증권 매입보장,현대엔지니어링
금융기관,신한은행,SPC 또는 유동화증권에 대한 신용보강,(주)포스코이앤씨
금융기관,신한은행,SPC 또는 유동화증권에 대한 신용보강,(주)포스코이앤씨
금융기관,신한은행,SPC 또는 유동화증권에 대한 신용보강,(주)포스코이앤씨
금융기관,신한은행,SPC 또는 유동화증권에 대한 신용보강,(주)포스코이앤씨
금융기관,신한은행,SPC 또는 유동화증권에 대한 신용보강,(주)포스코이앤씨
금융기관,신한은행,SPC 또는 유동화증권에 대한 신용보강,(주)포스코이앤씨
금융기관,신한은행,SPC 또는 유동화증권에 대한 신용보강,(주)포스코이앤씨
금융기관,신한은행,SPC 또는 유동화증권에 대한 신용보강,(주)포스코이앤씨
금융기관,신한은행,SPC 또는 유동화증권에 대한 신용보강,(주)포스코이앤씨
금융기관,신한은행,SPC 또는 유동화증권에 대한 신용보강,(주)포스코이앤씨
금융기관,신한은행,SPC 또는 유동화증권에 대한 신용보강,(주)포스코이앤씨
금융기관,신한은행,SPC 또는 유동화증권에 대한 신용보강,(주)포스코이앤씨
금융기관,신한은행,SPC 또는 유동화증권에 대한 신용보강,(주)포스코이앤씨
금융기관,신한은행,SPC 또는 유동화증권에 대한 신용보강,(주)포스코이앤씨
금융기관,신한은행,SPC 또는 유동화증권에 대한 신용보강,(주)포스코이앤씨
금융기관,신한은행,SPC 또는 유동화증권에 대한 신용보강,(주)포스코이앤씨
금융기관,신한은행,SPC 또는 유동화증권에 대한 신용보강,(주)포스코이앤씨
금융기관,신한은행,SPC 또는 유동화증권에 대한 신용보강,(주)포스코이앤씨
금융기관,신한은행,SPC 또는 유동화증권에 대한 신용보강,(주)포스코이앤씨
금융기관,신한은행,SPC 또는 유동화증권에 대한 신용보강,(주)포스코이앤씨
금융기관,신한은행,SPC 또는 유동화증권에 대한 신용보강,(주)포스코이앤씨
금융기관,신한은행,SPC 또는 유동화증권에 대한 신용보강,(주)포스코이앤씨
금융기관,신한은행,SPC 또는 유동화증권에 대한 신용보강,(주)포스코이앤씨
금융기관,신한은행,SPC 또는 유동화증권에 대한 신용보강,(주)포스코이앤씨
금융기관,신한은행,SPC 또는 유동화증권에 대한 신용보강,(주)포스코이앤씨
금융기관,신한은행,SPC 또는 유동화증권에 대한 신용보강,(주)포스코이앤씨
금융기관,신한은행,SPC 또는 유동화증권에 대한 신용보강,(주)포스코이앤씨
금융기관,신한은행,SPC 또는 유동화증권에 대한 신용보강,(주)포스코이앤씨
금융기관,국민은행,SPC 또는 유동화증권에 대한 신용보강,아이에스동서
금융기관,국민은행,SPC 또는 유동화증권에 대한 신용보강,아이에스동서
금융기관,국민은행,SPC 또는 유동화증권에 대한 신용보강,아이에스동서
금융기관,국민은행,SPC 또는 유동화증권에 대한 신용보강,아이에스동서
금융기관,국민은행,SPC 또는 유동화증권에 대한 신용보강,아이에스동서
금융기관,국민은행,SPC 또는 유동화증권에 대한 신용보강,아이에스동서
일반기업,현대건설,SPC 또는 유동화증권에 대한 신용보강,현대건설
일반기업,현대건설,SPC 또는 유동화증권에 대한 신용보강,현대건설
일반기업,현대건설,SPC 또는 유동화증권에 대한 신용보강,현대건설
일반기업,현대건설,SPC 또는 유동화증권에 대한 신용보강,현대건설
일반기업,현대건설,SPC 또는 유동화증권에 대한 신용보강,현대건설
일반기업,현대건설,SPC 또는 유동화증권에 대한 신용보강,현대건설
일반기업,현대건설,SPC 또는 유동화증권에 대한 신용보강,현대건설
일반기업,현대건설,SPC 또는 유동화증권에 대한 신용보강,현대건설
일반기업,현대건설,SPC 또는 유동화증권에 대한 신용보강,현대건설
일반기업,현대건설,SPC 또는 유동화증권에 대한 신용보강,현대건설
일반기업,현대건설,SPC 또는 유동화증권에 대한 신용보강,현대건설
일반기업,현대건설,SPC 또는 유동화증권에 대한 신용보강,현대건설
일반기업,현대건설,SPC 또는 유동화증권에 대한 신용보강,현대건설
일반기업,현대건설,SPC 또는 유동화증권에 대한 신용보강,현대건설
일반기업,현대건설,SPC 또는 유동화증권에 대한 신용보강,현대건설
일반기업,현대건설,SPC 또는 유동화증권에 대한 신용보강,현대건설
일반기업,현대건설,SPC 또는 유동화증권에 대한 신용보강,현대건설
일반기업,현대건설,SPC 또는 유동화증권에 대한 신용보강,현대건설
일반기업,현대건설,SPC 또는 유동화증권에 대한 신용보강,현대건설
일반기업,현대건설,SPC 또는 유동화증권에 대한 신용보강,현대건설
일반기업,현대건설,SPC 또는 유동화증권에 대한 신용보강,현대건설
일반기업,현대건설,SPC 또는 유동화증권에 대한 신용보강,현대건설
금융기관,중소기업은행,SPC 또는 유동화증권에 대한 신용보강,신세계건설
금융기관,중소기업은행,SPC 또는 유동화증권에 대한 신용보강,신세계건설
금융기관,중소기업은행,SPC 또는 유동화증권에 대한 신용보강,신세계건설
금융기관,중소기업은행,SPC 또는 유동화증권에 대한 신용보강,신세계건설
금융기관,중소기업은행,SPC 또는 유동화증권에 대한 신용보강,신세계건설
금융기관,중소기업은행,SPC 또는 유동화증권에 대한 신용보강,신세계건설
금융기관,중소기업은행,SPC 또는 유동화증권에 대한 신용보강,신세계건설
금융기관,중소기업은행,SPC 또는 유동화증권에 대한 신용보강,신세계건설
금융기관,중소기업은행,SPC 또는 유동화증권에 대한 신용보강,신세계건설
금융기관,중소기업은행,SPC 또는 유동화증권에 대한 신용보강,신세계건설
금융기관,중소기업은행,SPC 또는 유동화증권에 대한 신용보강,신세계건설
금융기관,중소기업은행,SPC 또는 유동화증권에 대한 신용보강,신세계건설
금융기관,중소기업은행,SPC 또는 유동화증권에 대한 신용보강,신세계건설
금융기관,중소기업은행,SPC 또는 유동화증권에 대한 신용보강,신세계건설
금융기관,신한은행,유동화증권 매입보장,에스케이에코플랜트(주)
금융기관,신한은행,유동화증권 매입보장,에스케이에코플랜트(주)
금융기관,신한은행,유동화증권 매입보장,에스케이에코플랜트(주)
금융기관,신한은행,SPC 또는 유동화증권에 대한 신용보강,현대건설
금융기관,신한은행,SPC 또는 유동화증권에 대한 신용보강,현대건설
일반기업,한화,SPC 또는 유동화증권에 대한 신용보강,한화
일반기업,한화,SPC 또는 유동화증권에 대한 신용보강,한화
금융기관,국민은행,유동화증권 매입보장,롯데건설
금융기관,국민은행,유동화증권 매입보장,롯데건설
금융기관,국민은행,유동화증권 매입보장,롯데건설
금융기관,국민은행,유동화증권 매입보장,롯데건설
금융기관,국민은행,유동화증권 매입보장,롯데건설
금융기관,국민은행,유동화증권 매입보장,롯데건설
금융기관,국민은행,유동화증권 매입보장,롯데건설
금융기관,국민은행,유동화증권 매입보장,롯데건설
금융기관,국민은행,유동화증권 매입보장,롯데건설
금융기관,국민은행,유동화증권 매입보장,롯데건설
금융기관,국민은행,유동화증권 매입보장,롯데건설
금융기관,국민은행,유동화증권 매입보장,롯데건설
금융기관,국민은행,유동화증권 매입보장,롯데건설
금융기관,국민은행,유동화증권 매입보장,롯데건설
금융기관,국민은행,유동화증권 매입보장,롯데건설
금융기관,국민은행,유동화증권 매입보장,롯데건설
금융기관,국민은행,유동화증권 매입보장,롯데건설
금융기관,국민은행,유동화증권 매입보장,롯데건설
금융기관,국민은행,유동화증권 매입보장,롯데건설
금융기관,국민은행,유동화증권 매입보장,롯데건설
금융기관,국민은행,유동화증권 매입보장,롯데건설
금융기관,신한은행,SPC 또는 유동화증권에 대한 신용보강,디엘건설(주)
금융기관,신한은행,SPC 또는 유동화증권에 대한 신용보강,디엘건설(주)
일반기업,현대건설,SPC 또는 유동화증권에 대한 신용보강,현대건설
일반기업,현대건설,SPC 또는 유동화증권에 대한 신용보강,현대건설
일반기업,현대건설,SPC 또는 유동화증권에 대한 신용보강,현대건설
일반기업,현대건설,SPC 또는 유동화증권에 대한 신용보강,현대건설
일반기업,현대건설,SPC 또는 유동화증권에 대한 신용보강,현대건설
일반기업,현대건설,SPC 또는 유동화증권에 대한 신용보강,현대건설
일반기업,현대건설,SPC 또는 유동화증권에 대한 신용보강,현대건설
일반기업,현대건설,SPC 또는 유동화증권에 대한 신용보강,현대건설
일반기업,현대건설,SPC 또는 유동화증권에 대한 신용보강,현대건설
일반기업,현대건설,SPC 또는 유동화증권에 대한 신용보강,현대건설
일반기업,현대건설,SPC 또는 유동화증권에 대한 신용보강,현대건설
일반기업,현대건설,SPC 또는 유동화증권에 대한 신용보강,현대건설
일반기업,현대건설,SPC 또는 유동화증권에 대한 신용보강,현대건설
일반기업,현대건설,SPC 또는 유동화증권에 대한 신용보강,현대건설
일반기업,현대건설,SPC 또는 유동화증권에 대한 신용보강,현대건설
일반기업,현대건설,SPC 또는 유동화증권에 대한 신용보강,현대건설
일반기업,현대건설,SPC 또는 유동화증권에 대한 신용보강,현대건설
일반기업,현대건설,SPC 또는 유동화증권에 대한 신용보강,현대건설
일반기업,현대건설,SPC 또는 유동화증권에 대한 신용보강,현대건설
일반기업,현대건설,SPC 또는 유동화증권에 대한 신용보강,현대건설
일반기업,디엘건설(주),SPC 또는 유동화증권에 대한 신용보강,디엘건설(주)
일반기업,디엘건설(주),SPC 또는 유동화증권에 대한 신용보강,디엘건설(주)
일반기업,디엘건설(주),SPC 또는 유동화증권에 대한 신용보강,디엘건설(주)
일반기업,디엘건설(주),SPC 또는 유동화증권에 대한 신용보강,디엘건설(주)
일반기업,디엘건설(주),SPC 또는 유동화증권에 대한 신용보강,디엘건설(주)
일반기업,디엘건설(주),SPC 또는 유동화증권에 대한 신용보강,디엘건설(주)
금융기관,신한은행,SPC 또는 유동화증권에 대한 신용보강,대보건설
금융기관,신한은행,SPC 또는 유동화증권에 대한 신용보강,대보건설
금융기관,신한은행,SPC 또는 유동화증권에 대한 신용보강,대보건설
금융기관,신한은행,SPC 또는 유동화증권에 대한 신용보강,대보건설
금융기관,신한은행,유동화증권 매입보장,대우건설
금융기관,신한은행,유동화증권 매입보장,대우건설
금융기관,신한은행,유동화증권 매입보장,대우건설
금융기관,신한은행,유동화증권 매입보장,대우건설
금융기관,신한은행,유동화증권 매입보장,대우건설
금융기관,신한은행,유동화증권 매입보장,대우건설
금융기관,신한은행,유동화증권 매입보장,대우건설
금융기관,신한은행,유동화증권 매입보장,대우건설
금융기관,신한은행,유동화증권 매입보장,대우건설
금융기관,신한은행,유동화증권 매입보장,대우건설
금융기관,신한은행,유동화증권 매입보장,대우건설
금융기관,신한은행,유동화증권 매입보장,대우건설
금융기관,신한은행,유동화증권 매입보장,대우건설
금융기관,신한은행,유동화증권 매입보장,대우건설
일반기업,지에스건설,SPC 또는 유동화증권에 대한 신용보강,지에스건설
일반기업,지에스건설,SPC 또는 유동화증권에 대한 신용보강,지에스건설
일반기업,지에스건설,SPC 또는 유동화증권에 대한 신용보강,지에스건설
일반기업,지에스건설,SPC 또는 유동화증권에 대한 신용보강,지에스건설
일반기업,지에스건설,SPC 또는 유동화증권에 대한 신용보강,지에스건설
일반기업,지에스건설,SPC 또는 유동화증권에 대한 신용보강,지에스건설
일반기업,지에스건설,SPC 또는 유동화증권에 대한 신용보강,지에스건설
일반기업,지에스건설,SPC 또는 유동화증권에 대한 신용보강,지에스건설
일반기업,지에스건설,SPC 또는 유동화증권에 대한 신용보강,지에스건설
일반기업,지에스건설,SPC 또는 유동화증권에 대한 신용보강,지에스건설
일반기업,지에스건설,SPC 또는 유동화증권에 대한 신용보강,지에스건설
일반기업,지에스건설,SPC 또는 유동화증권에 대한 신용보강,지에스건설
일반기업,지에스건설,SPC 또는 유동화증권에 대한 신용보강,지에스건설
일반기업,지에스건설,SPC 또는 유동화증권에 대한 신용보강,지에스건설
일반기업,지에스건설,SPC 또는 유동화증권에 대한 신용보강,지에스건설
일반기업,지에스건설,SPC 또는 유동화증권에 대한 신용보강,지에스건설
일반기업,지에스건설,SPC 또는 유동화증권에 대한 신용보강,지에스건설
일반기업,지에스건설,SPC 또는 유동화증권에 대한 신용보강,지에스건설
일반기업,지에스건설,SPC 또는 유동화증권에 대한 신용보강,지에스건설
일반기업,지에스건설,SPC 또는 유동화증권에 대한 신용보강,지에스건설
일반기업,중흥토건 (주),유동화증권 매입보장,중흥토건 (주)
일반기업,중흥토건 (주),유동화증권 매입보장,중흥토건 (주)
금융기관,신한은행,유동화증권 매입보장,에스케이에코플랜트(주)
금융기관,신한은행,SPC 또는 유동화증권에 대한 신용보강,현대건설
금융기관,농협은행,SPC 또는 유동화증권에 대한 신용보강,롯데건설
금융기관,농협은행,SPC 또는 유동화증권에 대한 신용보강,롯데건설
금융기관,농협은행,SPC 또는 유동화증권에 대한 신용보강,롯데건설
금융기관,농협은행,SPC 또는 유동화증권에 대한 신용보강,롯데건설
금융기관,농협은행,SPC 또는 유동화증권에 대한 신용보강,롯데건설
금융기관,농협은행,SPC 또는 유동화증권에 대한 신용보강,롯데건설
금융기관,농협은행,SPC 또는 유동화증권에 대한 신용보강,롯데건설
금융기관,농협은행,SPC 또는 유동화증권에 대한 신용보강,롯데건설
금융기관,농협은행,SPC 또는 유동화증권에 대한 신용보강,롯데건설
금융기관,농협은행,SPC 또는 유동화증권에 대한 신용보강,롯데건설
금융기관,농협은행,SPC 또는 유동화증권에 대한 신용보강,롯데건설
금융기관,신한은행,SPC 또는 유동화증권에 대한 신용보강,에스원건설(주)
금융기관,신한은행,SPC 또는 유동화증권에 대한 신용보강,에스원건설(주)
금융기관,신한은행,SPC 또는 유동화증권에 대한 신용보강,에스원건설(주)
금융기관,신한은행,SPC 또는 유동화증권에 대한 신용보강,에스원건설(주)
일반기업,현대건설,SPC 또는 유동화증권에 대한 신용보강,현대건설
일반기업,현대건설,SPC 또는 유동화증권에 대한 신용보강,현대건설
일반기업,현대건설,SPC 또는 유동화증권에 대한 신용보강,현대건설
일반기업,현대건설,SPC 또는 유동화증권에 대한 신용보강,현대건설
일반기업,현대건설,SPC 또는 유동화증권에 대한 신용보강,현대건설
일반기업,현대건설,SPC 또는 유동화증권에 대한 신용보강,현대건설
일반기업,현대건설,SPC 또는 유동화증권에 대한 신용보강,현대건설
일반기업,현대건설,SPC 또는 유동화증권에 대한 신용보강,현대건설
일반기업,현대건설,SPC 또는 유동화증권에 대한 신용보강,현대건설
일반기업,현대건설,SPC 또는 유동화증권에 대한 신용보강,현대건설
일반기업,현대건설,SPC 또는 유동화증권에 대한 신용보강,현대건설
일반기업,현대건설,SPC 또는 유동화증권에 대한 신용보강,현대건설
금융기관,하나은행,유동화증권 매입보장,현대건설
금융기관,하나은행,유동화증권 매입보장,현대건설
금융기관,하나은행,유동화증권 매입보장,현대건설
금융기관,하나은행,유동화증권 매입보장,현대건설
금융기관,하나은행,유동화증권 매입보장,현대건설
금융기관,하나은행,유동화증권 매입보장,현대건설
금융기관,하나은행,유동화증권 매입보장,현대건설
금융기관,하나은행,유동화증권 매입보장,현대건설
금융기관,농협은행,유동화증권 매입보장,에스케이에코플랜트(주)
금융기관,농협은행,유동화증권 매입보장,에스케이에코플랜트(주)
금융기관,농협은행,유동화증권 매입보장,에스케이에코플랜트(주)
금융기관,농협은행,유동화증권 매입보장,에스케이에코플랜트(주)
금융기관,농협은행,유동화증권 매입보장,에스케이에코플랜트(주)
금융기관,농협은행,유동화증권 매입보장,에스케이에코플랜트(주)
금융기관,농협은행,유동화증권 매입보장,에스케이에코플랜트(주)
금융기관,농협은행,유동화증권 매입보장,에스케이에코플랜트(주)
금융기관,농협은행,유동화증권 매입보장,에스케이에코플랜트(주)
금융기관,농협은행,유동화증권 매입보장,에스케이에코플랜트(주)
금융기관,신한은행,SPC 또는 유동화증권에 대한 신용보강,현대건설
금융기관,신한은행,SPC 또는 유동화증권에 대한 신용보강,현대건설
금융기관,신한은행,SPC 또는 유동화증권에 대한 신용보강,현대건설
금융기관,신한은행,SPC 또는 유동화증권에 대한 신용보강,현대건설
금융기관,신한은행,SPC 또는 유동화증권에 대한 신용보강,현대건설
금융기관,신한은행,SPC 또는 유동화증권에 대한 신용보강,현대건설
금융기관,신한은행,SPC 또는 유동화증권에 대한 신용보강,현대건설
금융기관,신한은행,SPC 또는 유동화증권에 대한 신용보강,현대건설
금융기관,신한은행,SPC 또는 유동화증권에 대한 신용보강,현대건설
금융기관,신한은행,SPC 또는 유동화증권에 대한 신용보강,현대건설
금융기관,신한은행,SPC 또는 유동화증권에 대한 신용보강,현대건설
금융기관,신한은행,SPC 또는 유동화증권에 대한 신용보강,현대건설
금융기관,신한은행,SPC 또는 유동화증권에 대한 신용보강,현대건설
금융기관,신한은행,SPC 또는 유동화증권에 대한 신용보강,현대건설
금융기관,신한은행,SPC 또는 유동화증권에 대한 신용보강,현대건설
금융기관,신한은행,SPC 또는 유동화증권에 대한 신용보강,현대건설
금융기관,신한은행,SPC 또는 유동화증권에 대한 신용보강,현대건설
금융기관,신한은행,SPC 또는 유동화증권에 대한 신용보강,현대건설
금융기관,신한은행,SPC 또는 유동화증권에 대한 신용보강,현대건설
금융기관,국민은행,유동화증권 매입보장,에이치디씨현대산업개발
금융기관,국민은행,유동화증권 매입보장,에이치디씨현대산업개발
금융기관,국민은행,유동화증권 매입보장,에이치디씨현대산업개발
금융기관,국민은행,유동화증권 매입보장,에이치디씨현대산업개발
금융기관,국민은행,유동화증권 매입보장,에이치디씨현대산업개발
금융기관,국민은행,유동화증권 매입보장,에이치디씨현대산업개발
조회실패,조회실패,조회실패,조회실패
조회실패,조회실패,조회실패,조회실패
조회실패,조회실패,조회실패,조회실패
조회실패,조회실패,조회실패,조회실패
조회실패,조회실패,조회실패,조회실패
조회실패,조회실패,조회실패,조회실패
조회실패,조회실패,조회실패,조회실패
조회실패,조회실패,조회실패,조회실패
금융기관,신한은행,SPC 또는 유동화증권에 대한 신용보강,호반건설
금융기관,신한은행,SPC 또는 유동화증권에 대한 신용보강,호반건설
금융기관,국민은행,SPC 또는 유동화증권에 대한 신용보강,지에스건설
금융기관,메리츠증권,SPC 또는 유동화증권에 대한 신용보강,현대엔지니어링
금융기관,메리츠증권,SPC 또는 유동화증권에 대한 신용보강,현대엔지니어링
금융기관,메리츠증권,SPC 또는 유동화증권에 대한 신용보강,현대엔지니어링
금융기관,메리츠증권,SPC 또는 유동화증권에 대한 신용보강,현대엔지니어링
금융기관,메리츠증권,SPC 또는 유동화증권에 대한 신용보강,현대엔지니어링
금융기관,메리츠증권,SPC 또는 유동화증권에 대한 신용보강,현대엔지니어링
금융기관,메리츠증권,SPC 또는 유동화증권에 대한 신용보강,현대엔지니어링
금융기관,메리츠증권,SPC 또는 유동화증권에 대한 신용보강,현대엔지니어링
금융기관,메리츠증권,SPC 또는 유동화증권에 대한 신용보강,현대엔지니어링
금융기관,메리츠증권,SPC 또는 유동화증권에 대한 신용보강,현대엔지니어링
금융기관,메리츠증권,SPC 또는 유동화증권에 대한 신용보강,현대엔지니어링
금융기관,메리츠증권,SPC 또는 유동화증권에 대한 신용보강,현대엔지니어링
금융기관,메리츠증권,SPC 또는 유동화증권에 대한 신용보강,현대엔지니어링
금융기관,메리츠증권,SPC 또는 유동화증권에 대한 신용보강,현대엔지니어링
일반기업,롯데건설,유동화증권 매입보장,롯데건설
일반기업,롯데건설,유동화증권 매입보장,롯데건설
금융기관,메리츠증권,SPC 또는 유동화증권에 대한 신용보강,해당없음
금융기관,메리츠증권,SPC 또는 유동화증권에 대한 신용보강,해당없음
금융기관,메리츠증권,SPC 또는 유동화증권에 대한 신용보강,해당없음
금융기관,메리츠증권,SPC 또는 유동화증권에 대한 신용보강,해당없음
금융기관,메리츠증권,SPC 또는 유동화증권에 대한 신용보강,해당없음
금융기관,메리츠증권,SPC 또는 유동화증권에 대한 신용보강,해당없음
금융기관,메리츠증권,SPC 또는 유동화증권에 대한 신용보강,해당없음
금융기관,메리츠증권,SPC 또는 유동화증권에 대한 신용보강,해당없음
금융기관,메리츠증권,SPC 또는 유동화증권에 대한 신용보강,해당없음
금융기관,메리츠증권,SPC 또는 유동화증권에 대한 신용보강,해당없음
금융기관,메리츠증권,SPC 또는 유동화증권에 대한 신용보강,해당없음
금융기관,메리츠증권,SPC 또는 유동화증권에 대한 신용보강,해당없음
금융기관,메리츠증권,SPC 또는 유동화증권에 대한 신용보강,해당없음
금융기관,메리츠증권,SPC 또는 유동화증권에 대한 신용보강,해당없음
금융기관,메리츠증권,SPC 또는 유동화증권에 대한 신용보강,해당없음
금융기관,중소기업은행,유동화증권 매입보장,태영건설
금융기관,중소기업은행,유동화증권 매입보장,태영건설
금융기관,중소기업은행,유동화증권 매입보장,태영건설
금융기관,중소기업은행,유동화증권 매입보장,태영건설
금융기관,중소기업은행,유동화증권 매입보장,태영건설
금융기관,중소기업은행,유동화증권 매입보장,태영건설
금융기관,중소기업은행,유동화증권 매입보장,태영건설
금융기관,중소기업은행,유동화증권 매입보장,태영건설
금융기관,교보증권,SPC 또는 유동화증권에 대한 신용보강,(주)포스코이앤씨
금융기관,교보증권,SPC 또는 유동화증권에 대한 신용보강,(주)포스코이앤씨
일반기업,현대건설,SPC 또는 유동화증권에 대한 신용보강,현대건설
일반기업,현대건설,SPC 또는 유동화증권에 대한 신용보강,현대건설
일반기업,현대건설,SPC 또는 유동화증권에 대한 신용보강,현대건설
일반기업,현대건설,SPC 또는 유동화증권에 대한 신용보강,현대건설
일반기업,현대건설,SPC 또는 유동화증권에 대한 신용보강,현대건설
일반기업,현대건설,SPC 또는 유동화증권에 대한 신용보강,현대건설
일반기업,현대건설,SPC 또는 유동화증권에 대한 신용보강,현대건설
일반기업,현대건설,SPC 또는 유동화증권에 대한 신용보강,현대건설
금융기관,신한은행,SPC 또는 유동화증권에 대한 신용보강,라인건설
금융기관,신한은행,SPC 또는 유동화증권에 대한 신용보강,라인건설
금융기관,신한은행,SPC 또는 유동화증권에 대한 신용보강,라인건설
금융기관,신한은행,SPC 또는 유동화증권에 대한 신용보강,라인건설
금융기관,신한은행,SPC 또는 유동화증권에 대한 신용보강,라인건설
금융기관,신한은행,SPC 또는 유동화증권에 대한 신용보강,라인건설
금융기관,신한은행,SPC 또는 유동화증권에 대한 신용보강,라인건설
금융기관,신한은행,SPC 또는 유동화증권에 대한 신용보강,라인건설
금융기관,신한은행,SPC 또는 유동화증권에 대한 신용보강,라인건설
금융기관,신한은행,SPC 또는 유동화증권에 대한 신용보강,라인건설
금융기관,신한은행,SPC 또는 유동화증권에 대한 신용보강,라인건설
금융기관,신한은행,SPC 또는 유동화증권에 대한 신용보강,라인건설
금융기관,신한은행,유동화증권 매입보장,한화건설
금융기관,신한은행,유동화증권 매입보장,한화건설
금융기관,신한은행,유동화증권 매입보장,한화건설
금융기관,신한은행,유동화증권 매입보장,한화건설
금융기관,신한은행,유동화증권 매입보장,한화건설
금융기관,신한은행,유동화증권 매입보장,한화건설
금융기관,신한은행,유동화증권 매입보장,한화건설
금융기관,신한은행,유동화증권 매입보장,한화건설
금융기관,신한은행,유동화증권 매입보장,한화건설
금융기관,신한은행,유동화증권 매입보장,한화건설
일반기업,현대건설,SPC 또는 유동화증권에 대한 신용보강,현대건설
일반기업,현대건설,SPC 또는 유동화증권에 대한 신용보강,현대건설
금융기관,신한은행,유동화증권 매입보장,현대엔지니어링
금융기관,신한은행,유동화증권 매입보장,현대엔지니어링
금융기관,신한은행,유동화증권 매입보장,현대엔지니어링
금융기관,국민은행,유동화증권 매입보장,현대엔지니어링
금융기관,국민은행,유동화증권 매입보장,현대엔지니어링
금융기관,국민은행,유동화증권 매입보장,현대엔지니어링
금융기관,국민은행,유동화증권 매입보장,현대엔지니어링
금융기관,국민은행,유동화증권 매입보장,현대엔지니어링
금융기관,국민은행,유동화증권 매입보장,현대엔지니어링
금융기관,국민은행,유동화증권 매입보장,현대엔지니어링
금융기관,국민은행,유동화증권 매입보장,현대엔지니어링
금융기관,국민은행,유동화증권 매입보장,현대엔지니어링
금융기관,국민은행,유동화증권 매입보장,현대엔지니어링
금융기관,국민은행,유동화증권 매입보장,현대엔지니어링
금융기관,국민은행,유동화증권 매입보장,현대엔지니어링
금융기관,국민은행,유동화증권 매입보장,현대엔지니어링
조회실패,조회실패,조회실패,조회실패
조회실패,조회실패,조회실패,조회실패
조회실패,조회실패,조회실패,조회실패
조회실패,조회실패,조회실패,조회실패
금융기관,중소기업은행,SPC 또는 유동화증권에 대한 신용보강,태영건설
금융기관,중소기업은행,SPC 또는 유동화증권에 대한 신용보강,태영건설
금융기관,중소기업은행,SPC 또는 유동화증권에 대한 신용보강,태영건설
금융기관,중소기업은행,SPC 또는 유동화증권에 대한 신용보강,태영건설
금융기관,중소기업은행,SPC 또는 유동화증권에 대한 신용보강,태영건설
금융기관,중소기업은행,SPC 또는 유동화증권에 대한 신용보강,태영건설
금융기관,중소기업은행,SPC 또는 유동화증권에 대한 신용보강,태영건설
금융기관,중소기업은행,SPC 또는 유동화증권에 대한 신용보강,태영건설
금융기관,중소기업은행,SPC 또는 유동화증권에 대한 신용보강,태영건설
금융기관,중소기업은행,SPC 또는 유동화증권에 대한 신용보강,태영건설
금융기관,중소기업은행,SPC 또는 유동화증권에 대한 신용보강,태영건설
금융기관,중소기업은행,SPC 또는 유동화증권에 대한 신용보강,태영건설
금융기관,중소기업은행,SPC 또는 유동화증권에 대한 신용보강,태영건설
금융기관,중소기업은행,SPC 또는 유동화증권에 대한 신용보강,태영건설
금융기관,중소기업은행,SPC 또는 유동화증권에 대한 신용보강,태영건설
금융기관,중소기업은행,SPC 또는 유동화증권에 대한 신용보강,태영건설
금융기관,중소기업은행,SPC 또는 유동화증권에 대한 신용보강,태영건설
금융기관,중소기업은행,SPC 또는 유동화증권에 대한 신용보강,태영건설
금융기관,중소기업은행,SPC 또는 유동화증권에 대한 신용보강,태영건설
금융기관,중소기업은행,SPC 또는 유동화증권에 대한 신용보강,태영건설
금융기관,중소기업은행,SPC 또는 유동화증권에 대한 신용보강,태영건설
금융기관,중소기업은행,SPC 또는 유동화증권에 대한 신용보강,태영건설
금융기관,중소기업은행,SPC 또는 유동화증권에 대한 신용보강,태영건설
금융기관,중소기업은행,SPC 또는 유동화증권에 대한 신용보강,태영건설
금융기관,중소기업은행,SPC 또는 유동화증권에 대한 신용보강,태영건설
금융기관,중소기업은행,SPC 또는 유동화증권에 대한 신용보강,태영건설
금융기관,중소기업은행,SPC 또는 유동화증권에 대한 신용보강,태영건설
금융기관,중소기업은행,SPC 또는 유동화증권에 대한 신용보강,태영건설
금융기관,중소기업은행,SPC 또는 유동화증권에 대한 신용보강,태영건설
금융기관,중소기업은행,SPC 또는 유동화증권에 대한 신용보강,태영건설
금융기관,중소기업은행,SPC 또는 유동화증권에 대한 신용보강,태영건설
금융기관,중소기업은행,SPC 또는 유동화증권에 대한 신용보강,태영건설
금융기관,신한은행,SPC 또는 유동화증권에 대한 신용보강,현대건설
금융기관,신한은행,SPC 또는 유동화증권에 대한 신용보강,현대건설
금융기관,신한은행,SPC 또는 유동화증권에 대한 신용보강,현대건설
금융기관,신한은행,SPC 또는 유동화증권에 대한 신용보강,현대건설
금융기관,신한은행,SPC 또는 유동화증권에 대한 신용보강,현대건설
금융기관,신한은행,SPC 또는 유동화증권에 대한 신용보강,현대건설
금융기관,국민은행,SPC 또는 유동화증권에 대한 신용보강,태영건설
금융기관,국민은행,SPC 또는 유동화증권에 대한 신용보강,태영건설
금융기관,국민은행,SPC 또는 유동화증권에 대한 신용보강,태영건설
금융기관,국민은행,SPC 또는 유동화증권에 대한 신용보강,태영건설
금융기관,국민은행,SPC 또는 유동화증권에 대한 신용보강,태영건설
금융기관,국민은행,SPC 또는 유동화증권에 대한 신용보강,태영건설
금융기관,국민은행,SPC 또는 유동화증권에 대한 신용보강,태영건설
금융기관,국민은행,SPC 또는 유동화증권에 대한 신용보강,태영건설
금융기관,국민은행,SPC 또는 유동화증권에 대한 신용보강,태영건설
금융기관,국민은행,SPC 또는 유동화증권에 대한 신용보강,태영건설
금융기관,국민은행,SPC 또는 유동화증권에 대한 신용보강,태영건설
금융기관,국민은행,SPC 또는 유동화증권에 대한 신용보강,태영건설
금융기관,국민은행,SPC 또는 유동화증권에 대한 신용보강,태영건설
금융기관,국민은행,SPC 또는 유동화증권에 대한 신용보강,태영건설
금융기관,국민은행,SPC 또는 유동화증권에 대한 신용보강,태영건설
금융기관,국민은행,SPC 또는 유동화증권에 대한 신용보강,태영건설
금융기관,국민은행,SPC 또는 유동화증권에 대한 신용보강,태영건설
금융기관,국민은행,SPC 또는 유동화증권에 대한 신용보강,태영건설
금융기관,중소기업은행,SPC 또는 유동화증권에 대한 신용보강,동서건설(주)
금융기관,중소기업은행,SPC 또는 유동화증권에 대한 신용보강,동서건설(주)
금융기관,중소기업은행,SPC 또는 유동화증권에 대한 신용보강,동서건설(주)
금융기관,중소기업은행,SPC 또는 유동화증권에 대한 신용보강,동서건설(주)
금융기관,중소기업은행,SPC 또는 유동화증권에 대한 신용보강,동서건설(주)
금융기관,중소기업은행,SPC 또는 유동화증권에 대한 신용보강,동서건설(주)
금융기관,중소기업은행,SPC 또는 유동화증권에 대한 신용보강,동서건설(주)
금융기관,중소기업은행,SPC 또는 유동화증권에 대한 신용보강,동서건설(주)
금융기관,중소기업은행,SPC 또는 유동화증권에 대한 신용보강,동서건설(주)
금융기관,메리츠증권,SPC 또는 유동화증권에 대한 신용보강,일광이앤씨 주식회사
금융기관,메리츠증권,SPC 또는 유동화증권에 대한 신용보강,롯데건설
금융기관,메리츠증권,SPC 또는 유동화증권에 대한 신용보강,롯데건설
금융기관,메리츠증권,SPC 또는 유동화증권에 대한 신용보강,롯데건설
금융기관,메리츠증권,SPC 또는 유동화증권에 대한 신용보강,롯데건설
금융기관,메리츠증권,SPC 또는 유동화증권에 대한 신용보강,롯데건설
금융기관,메리츠증권,SPC 또는 유동화증권에 대한 신용보강,롯데건설
금융기관,메리츠증권,SPC 또는 유동화증권에 대한 신용보강,롯데건설
금융기관,메리츠증권,SPC 또는 유동화증권에 대한 신용보강,롯데건설
일반기업,현대건설,SPC 또는 유동화증권에 대한 신용보강,현대건설
일반기업,현대건설,SPC 또는 유동화증권에 대한 신용보강,현대건설
일반기업,현대건설,SPC 또는 유동화증권에 대한 신용보강,현대건설
일반기업,현대건설,SPC 또는 유동화증권에 대한 신용보강,현대건설
일반기업,현대건설,SPC 또는 유동화증권에 대한 신용보강,현대건설
일반기업,현대건설,SPC 또는 유동화증권에 대한 신용보강,현대건설
일반기업,현대건설,SPC 또는 유동화증권에 대한 신용보강,현대건설
일반기업,현대건설,SPC 또는 유동화증권에 대한 신용보강,현대건설
일반기업,현대건설,SPC 또는 유동화증권에 대한 신용보강,현대건설
일반기업,현대건설,SPC 또는 유동화증권에 대한 신용보강,현대건설
일반기업,현대건설,SPC 또는 유동화증권에 대한 신용보강,현대건설
일반기업,현대건설,SPC 또는 유동화증권에 대한 신용보강,현대건설
일반기업,현대건설,SPC 또는 유동화증권에 대한 신용보강,현대건설
일반기업,현대건설,SPC 또는 유동화증권에 대한 신용보강,현대건설
일반기업,현대건설,SPC 또는 유동화증권에 대한 신용보강,현대건설
일반기업,현대건설,SPC 또는 유동화증권에 대한 신용보강,현대건설
일반기업,현대건설,SPC 또는 유동화증권에 대한 신용보강,현대건설
일반기업,현대건설,SPC 또는 유동화증권에 대한 신용보강,현대건설
일반기업,현대건설,SPC 또는 유동화증권에 대한 신용보강,현대건설
일반기업,현대건설,SPC 또는 유동화증권에 대한 신용보강,현대건설
일반기업,현대건설,SPC 또는 유동화증권에 대한 신용보강,현대건설
일반기업,현대건설,SPC 또는 유동화증권에 대한 신용보강,현대건설
일반기업,현대건설,SPC 또는 유동화증권에 대한 신용보강,현대건설
일반기업,현대건설,SPC 또는 유동화증권에 대한 신용보강,현대건설
일반기업,현대건설,SPC 또는 유동화증권에 대한 신용보강,현대건설
일반기업,현대건설,SPC 또는 유동화증권에 대한 신용보강,현대건설
일반기업,현대건설,SPC 또는 유동화증권에 대한 신용보강,현대건설
일반기업,현대건설,SPC 또는 유동화증권에 대한 신용보강,현대건설
일반기업,현대건설,SPC 또는 유동화증권에 대한 신용보강,현대건설
금융기관,중소기업은행,SPC 또는 유동화증권에 대한 신용보강,삼성물산(주)
금융기관,중소기업은행,SPC 또는 유동화증권에 대한 신용보강,삼성물산(주)
금융기관,중소기업은행,SPC 또는 유동화증권에 대한 신용보강,삼성물산(주)
금융기관,중소기업은행,SPC 또는 유동화증권에 대한 신용보강,삼성물산(주)
금융기관,메리츠증권,SPC 또는 유동화증권에 대한 신용보강,(주)포스코이앤씨
금융기관,메리츠증권,SPC 또는 유동화증권에 대한 신용보강,(주)포스코이앤씨
금융기관,메리츠증권,SPC 또는 유동화증권에 대한 신용보강,(주)포스코이앤씨
금융기관,메리츠증권,SPC 또는 유동화증권에 대한 신용보강,(주)포스코이앤씨
금융기관,메리츠증권,SPC 또는 유동화증권에 대한 신용보강,(주)포스코이앤씨
금융기관,메리츠증권,SPC 또는 유동화증권에 대한 신용보강,(주)포스코이앤씨
금융기관,메리츠증권,SPC 또는 유동화증권에 대한 신용보강,(주)포스코이앤씨
금융기관,메리츠증권,SPC 또는 유동화증권에 대한 신용보강,(주)포스코이앤씨
금융기관,메리츠증권,SPC 또는 유동화증권에 대한 신용보강,(주)포스코이앤씨
금융기관,메리츠증권,SPC 또는 유동화증권에 대한 신용보강,(주)포스코이앤씨
금융기관,메리츠증권,SPC 또는 유동화증권에 대한 신용보강,(주)포스코이앤씨
금융기관,메리츠증권,SPC 또는 유동화증권에 대한 신용보강,(주)포스코이앤씨
금융기관,메리츠증권,SPC 또는 유동화증권에 대한 신용보강,(주)포스코이앤씨
일반기업,현대건설,SPC 또는 유동화증권에 대한 신용보강,현대건설
일반기업,현대건설,SPC 또는 유동화증권에 대한 신용보강,현대건설
일반기업,현대건설,SPC 또는 유동화증권에 대한 신용보강,현대건설
일반기업,현대건설,SPC 또는 유동화증권에 대한 신용보강,현대건설
일반기업,현대건설,SPC 또는 유동화증권에 대한 신용보강,현대건설
일반기업,현대건설,SPC 또는 유동화증권에 대한 신용보강,현대건설
일반기업,현대건설,SPC 또는 유동화증권에 대한 신용보강,현대건설
일반기업,현대건설,SPC 또는 유동화증권에 대한 신용보강,현대건설
일반기업,현대건설,SPC 또는 유동화증권에 대한 신용보강,현대건설
금융기관,신한은행,SPC 또는 유동화증권에 대한 신용보강,디엘건설(주)
일반기업,에스지씨이테크건설,SPC 또는 유동화증권에 대한 신용보강,에스지씨이테크건설
일반기업,에스지씨이테크건설,SPC 또는 유동화증권에 대한 신용보강,에스지씨이테크건설
일반기업,에스지씨이테크건설,SPC 또는 유동화증권에 대한 신용보강,에스지씨이테크건설
일반기업,에스지씨이테크건설,SPC 또는 유동화증권에 대한 신용보강,에스지씨이테크건설
일반기업,에스지씨이테크건설,SPC 또는 유동화증권에 대한 신용보강,에스지씨이테크건설
일반기업,에스지씨이테크건설,SPC 또는 유동화증권에 대한 신용보강,에스지씨이테크건설
일반기업,에스지씨이테크건설,SPC 또는 유동화증권에 대한 신용보강,에스지씨이테크건설
일반기업,에스지씨이테크건설,SPC 또는 유동화증권에 대한 신용보강,에스지씨이테크건설
일반기업,에스지씨이테크건설,SPC 또는 유동화증권에 대한 신용보강,에스지씨이테크건설
일반기업,에스지씨이테크건설,SPC 또는 유동화증권에 대한 신용보강,에스지씨이테크건설
일반기업,에스지씨이테크건설,SPC 또는 유동화증권에 대한 신용보강,에스지씨이테크건설
일반기업,에스지씨이테크건설,SPC 또는 유동화증권에 대한 신용보강,에스지씨이테크건설
일반기업,에스지씨이테크건설,SPC 또는 유동화증권에 대한 신용보강,에스지씨이테크건설
일반기업,에스지씨이테크건설,SPC 또는 유동화증권에 대한 신용보강,에스지씨이테크건설
일반기업,에스지씨이테크건설,SPC 또는 유동화증권에 대한 신용보강,에스지씨이테크건설
일반기업,에스지씨이테크건설,SPC 또는 유동화증권에 대한 신용보강,에스지씨이테크건설
일반기업,에스지씨이테크건설,SPC 또는 유동화증권에 대한 신용보강,에스지씨이테크건설
일반기업,에스지씨이테크건설,SPC 또는 유동화증권에 대한 신용보강,에스지씨이테크건설
일반기업,에스지씨이테크건설,SPC 또는 유동화증권에 대한 신용보강,에스지씨이테크건설
일반기업,에스지씨이테크건설,SPC 또는 유동화증권에 대한 신용보강,에스지씨이테크건설
일반기업,에스지씨이테크건설,SPC 또는 유동화증권에 대한 신용보강,에스지씨이테크건설
일반기업,에스지씨이테크건설,SPC 또는 유동화증권에 대한 신용보강,에스지씨이테크건설
일반기업,에스지씨이테크건설,SPC 또는 유동화증권에 대한 신용보강,에스지씨이테크건설
일반기업,에스지씨이테크건설,SPC 또는 유동화증권에 대한 신용보강,에스지씨이테크건설
일반기업,에스지씨이테크건설,SPC 또는 유동화증권에 대한 신용보강,에스지씨이테크건설
일반기업,에스지씨이테크건설,SPC 또는 유동화증권에 대한 신용보강,에스지씨이테크건설
일반기업,에스지씨이테크건설,SPC 또는 유동화증권에 대한 신용보강,에스지씨이테크건설
일반기업,에스지씨이테크건설,SPC 또는 유동화증권에 대한 신용보강,에스지씨이테크건설
일반기업,에스지씨이테크건설,SPC 또는 유동화증권에 대한 신용보강,에스지씨이테크건설
일반기업,에스지씨이테크건설,SPC 또는 유동화증권에 대한 신용보강,에스지씨이테크건설
일반기업,에스지씨이테크건설,SPC 또는 유동화증권에 대한 신용보강,에스지씨이테크건설
일반기업,에스지씨이테크건설,SPC 또는 유동화증권에 대한 신용보강,에스지씨이테크건설
일반기업,에스지씨이테크건설,SPC 또는 유동화증권에 대한 신용보강,에스지씨이테크건설
일반기업,에스지씨이테크건설,SPC 또는 유동화증권에 대한 신용보강,에스지씨이테크건설
일반기업,에스지씨이테크건설,SPC 또는 유동화증권에 대한 신용보강,에스지씨이테크건설
일반기업,에스지씨이테크건설,SPC 또는 유동화증권에 대한 신용보강,에스지씨이테크건설
일반기업,에스지씨이테크건설,SPC 또는 유동화증권에 대한 신용보강,에스지씨이테크건설
일반기업,에스지씨이테크건설,SPC 또는 유동화증권에 대한 신용보강,에스지씨이테크건설
일반기업,에스지씨이테크건설,SPC 또는 유동화증권에 대한 신용보강,에스지씨이테크건설
일반기업,에스지씨이테크건설,SPC 또는 유동화증권에 대한 신용보강,에스지씨이테크건설
일반기업,에스지씨이테크건설,SPC 또는 유동화증권에 대한 신용보강,에스지씨이테크건설
일반기업,에스지씨이테크건설,SPC 또는 유동화증권에 대한 신용보강,에스지씨이테크건설
일반기업,에스지씨이테크건설,SPC 또는 유동화증권에 대한 신용보강,에스지씨이테크건설
일반기업,에스지씨이테크건설,SPC 또는 유동화증권에 대한 신용보강,에스지씨이테크건설
일반기업,현대건설,SPC 또는 유동화증권에 대한 신용보강,현대건설
금융기관,미래에셋증권(주),SPC 또는 유동화증권에 대한 신용보강,롯데건설
금융기관,미래에셋증권(주),SPC 또는 유동화증권에 대한 신용보강,롯데건설
금융기관,미래에셋증권(주),SPC 또는 유동화증권에 대한 신용보강,롯데건설
금융기관,미래에셋증권(주),SPC 또는 유동화증권에 대한 신용보강,롯데건설
금융기관,미래에셋증권(주),SPC 또는 유동화증권에 대한 신용보강,롯데건설
금융기관,신한은행,SPC 또는 유동화증권에 대한 신용보강,현대건설
금융기관,메리츠증권,SPC 또는 유동화증권에 대한 신용보강,지에스건설
금융기관,메리츠증권,SPC 또는 유동화증권에 대한 신용보강,지에스건설
일반기업,현대건설,SPC 또는 유동화증권에 대한 신용보강,현대건설
일반기업,현대건설,SPC 또는 유동화증권에 대한 신용보강,현대건설
일반기업,현대건설,SPC 또는 유동화증권에 대한 신용보강,현대건설
일반기업,현대건설,SPC 또는 유동화증권에 대한 신용보강,현대건설
일반기업,현대건설,SPC 또는 유동화증권에 대한 신용보강,현대건설
일반기업,현대건설,SPC 또는 유동화증권에 대한 신용보강,현대건설
일반기업,현대건설,SPC 또는 유동화증권에 대한 신용보강,현대건설
일반기업,현대건설,SPC 또는 유동화증권에 대한 신용보강,현대건설
일반기업,현대건설,SPC 또는 유동화증권에 대한 신용보강,현대건설
일반기업,현대건설,SPC 또는 유동화증권에 대한 신용보강,현대건설
일반기업,현대건설,SPC 또는 유동화증권에 대한 신용보강,현대건설
일반기업,현대건설,SPC 또는 유동화증권에 대한 신용보강,현대건설
일반기업,현대건설,SPC 또는 유동화증권에 대한 신용보강,현대건설
일반기업,현대건설,SPC 또는 유동화증권에 대한 신용보강,현대건설
일반기업,현대건설,SPC 또는 유동화증권에 대한 신용보강,현대건설
일반기업,현대건설,SPC 또는 유동화증권에 대한 신용보강,현대건설
일반기업,현대건설,SPC 또는 유동화증권에 대한 신용보강,현대건설
,충주시청,발행인 신용도,에이치디씨현대산업개발
,충주시청,발행인 신용도,에이치디씨현대산업개발
,충주시청,발행인 신용도,에이치디씨현대산업개발
,충주시청,발행인 신용도,에이치디씨현대산업개발
일반기업,현대건설,SPC 또는 유동화증권에 대한 신용보강,현대건설
일반기업,현대건설,SPC 또는 유동화증권에 대한 신용보강,현대건설
일반기업,현대건설,SPC 또는 유동화증권에 대한 신용보강,현대건설
일반기업,현대건설,SPC 또는 유동화증권에 대한 신용보강,현대건설
일반기업,현대건설,SPC 또는 유동화증권에 대한 신용보강,현대건설
일반기업,현대건설,SPC 또는 유동화증권에 대한 신용보강,현대건설
금융기관,국민은행,유동화증권 매입보장,중흥건설
금융기관,국민은행,유동화증권 매입보장,중흥건설
금융기관,국민은행,유동화증권 매입보장,중흥건설
금융기관,국민은행,유동화증권 매입보장,중흥건설
금융기관,국민은행,유동화증권 매입보장,중흥건설
금융기관,국민은행,유동화증권 매입보장,중흥건설
,경산시청,발행인 신용도,대우건설
,경산시청,발행인 신용도,대우건설
,경산시청,발행인 신용도,대우건설
,경산시청,발행인 신용도,대우건설
,완주군청,발행인 신용도,효성
,완주군청,발행인 신용도,효성
,완주군청,발행인 신용도,효성
,완주군청,발행인 신용도,효성
,완주군청,발행인 신용도,효성
,완주군청,발행인 신용도,효성
,완주군청,발행인 신용도,효성
금융기관,중소기업은행,유동화증권 매입보장,미정
금융기관,중소기업은행,유동화증권 매입보장,미정
금융기관,중소기업은행,유동화증권 매입보장,미정
금융기관,중소기업은행,유동화증권 매입보장,미정
금융기관,중소기업은행,유동화증권 매입보장,미정
금융기관,중소기업은행,유동화증권 매입보장,미정
금융기관,중소기업은행,유동화증권 매입보장,미정
금융기관,중소기업은행,유동화증권 매입보장,미정
금융기관,중소기업은행,유동화증권 매입보장,미정
,음성군청,발행인 신용도,현대엔지니어링
,음성군청,발행인 신용도,현대엔지니어링
,음성군청,발행인 신용도,현대엔지니어링
,음성군청,발행인 신용도,현대엔지니어링
,음성군청,발행인 신용도,현대엔지니어링
,음성군청,발행인 신용도,현대엔지니어링
,음성군청,발행인 신용도,현대엔지니어링
일반기업,한화,SPC 또는 유동화증권에 대한 신용보강,한화건설
일반기업,한화,SPC 또는 유동화증권에 대한 신용보강,한화건설
일반기업,한화,SPC 또는 유동화증권에 대한 신용보강,한화건설
일반기업,한화,SPC 또는 유동화증권에 대한 신용보강,한화건설
일반기업,한화,SPC 또는 유동화증권에 대한 신용보강,한화건설
일반기업,한화,SPC 또는 유동화증권에 대한 신용보강,한화건설
일반기업,한화,SPC 또는 유동화증권에 대한 신용보강,한화건설
일반기업,한화,SPC 또는 유동화증권에 대한 신용보강,한화건설
일반기업,한화,SPC 또는 유동화증권에 대한 신용보강,한화건설
일반기업,한화,SPC 또는 유동화증권에 대한 신용보강,한화건설
금융기관,케이비증권,SPC 또는 유동화증권에 대한 신용보강,한화건설
금융기관,케이비증권,SPC 또는 유동화증권에 대한 신용보강,한화건설
금융기관,케이비증권,SPC 또는 유동화증권에 대한 신용보강,한화건설
금융기관,케이비증권,SPC 또는 유동화증권에 대한 신용보강,한화건설
금융기관,케이비증권,SPC 또는 유동화증권에 대한 신용보강,한화건설
금융기관,케이비증권,SPC 또는 유동화증권에 대한 신용보강,한화건설
금융기관,케이비증권,SPC 또는 유동화증권에 대한 신용보강,한화건설
금융기관,케이비증권,SPC 또는 유동화증권에 대한 신용보강,한화건설
금융기관,케이비증권,SPC 또는 유동화증권에 대한 신용보강,한화건설
금융기관,케이비증권,SPC 또는 유동화증권에 대한 신용보강,한화건설
금융기관,케이비증권,SPC 또는 유동화증권에 대한 신용보강,한화건설
금융기관,케이비증권,SPC 또는 유동화증권에 대한 신용보강,한화건설
금융기관,신한은행,유동화증권 매입보장,지에스건설
금융기관,신한은행,유동화증권 매입보장,지에스건설
금융기관,신한은행,유동화증권 매입보장,지에스건설
금융기관,신한은행,유동화증권 매입보장,지에스건설
일반기업,디엘건설(주),SPC 또는 유동화증권에 대한 신용보강,디엘건설(주)
일반기업,디엘건설(주),SPC 또는 유동화증권에 대한 신용보강,디엘건설(주)
금융기관,신한은행,유동화증권 매입보장,대우건설
금융기관,신한은행,유동화증권 매입보장,대우건설
금융기관,신한은행,유동화증권 매입보장,대우건설
금융기관,신한은행,유동화증권 매입보장,대우건설
금융기관,신한은행,유동화증권 매입보장,대우건설
금융기관,국민은행,유동화증권 매입보장,현대건설
일반기업,코오롱글로벌,유동화증권 매입보장,코오롱글로벌
일반기업,코오롱글로벌,유동화증권 매입보장,코오롱글로벌
일반기업,코오롱글로벌,유동화증권 매입보장,코오롱글로벌
일반기업,코오롱글로벌,유동화증권 매입보장,코오롱글로벌
일반기업,코오롱글로벌,유동화증권 매입보장,코오롱글로벌
일반기업,코오롱글로벌,유동화증권 매입보장,코오롱글로벌
일반기업,코오롱글로벌,유동화증권 매입보장,코오롱글로벌
일반기업,코오롱글로벌,유동화증권 매입보장,코오롱글로벌
일반기업,코오롱글로벌,유동화증권 매입보장,코오롱글로벌
일반기업,코오롱글로벌,유동화증권 매입보장,코오롱글로벌
일반기업,현대건설,유동화증권 매입보장,현대건설
일반기업,현대건설,유동화증권 매입보장,현대건설
일반기업,현대건설,유동화증권 매입보장,현대건설
일반기업,현대건설,유동화증권 매입보장,현대건설
일반기업,현대건설,유동화증권 매입보장,현대건설
일반기업,현대건설,유동화증권 매입보장,현대건설
일반기업,현대건설,유동화증권 매입보장,현대건설
일반기업,현대건설,유동화증권 매입보장,현대건설
일반기업,현대건설,유동화증권 매입보장,현대건설
일반기업,현대건설,유동화증권 매입보장,현대건설
,음성군청,발행인 신용도,현대엔지니어링
,음성군청,발행인 신용도,현대엔지니어링
,음성군청,발행인 신용도,현대엔지니어링
,음성군청,발행인 신용도,현대엔지니어링
,음성군청,발행인 신용도,현대엔지니어링
금융기관,신한은행,SPC 또는 유동화증권에 대한 신용보강,지에스건설
금융기관,신한은행,SPC 또는 유동화증권에 대한 신용보강,지에스건설
금융기관,신한은행,SPC 또는 유동화증권에 대한 신용보강,지에스건설
일반기업,현대건설,SPC 또는 유동화증권에 대한 신용보강,현대건설
금융기관,삼성증권,SPC 또는 유동화증권에 대한 신용보강,케이알산업
금융기관,삼성증권,SPC 또는 유동화증권에 대한 신용보강,케이알산업
금융기관,삼성증권,SPC 또는 유동화증권에 대한 신용보강,케이알산업
금융기관,삼성증권,SPC 또는 유동화증권에 대한 신용보강,케이알산업
금융기관,삼성증권,SPC 또는 유동화증권에 대한 신용보강,케이알산업
금융기관,삼성증권,SPC 또는 유동화증권에 대한 신용보강,케이알산업
금융기관,삼성증권,SPC 또는 유동화증권에 대한 신용보강,케이알산업
금융기관,삼성증권,SPC 또는 유동화증권에 대한 신용보강,케이알산업
금융기관,삼성증권,SPC 또는 유동화증권에 대한 신용보강,케이알산업
금융기관,삼성증권,SPC 또는 유동화증권에 대한 신용보강,케이알산업
금융기관,신한은행,SPC 또는 유동화증권에 대한 신용보강,케이씨씨건설
금융기관,신한은행,SPC 또는 유동화증권에 대한 신용보강,케이씨씨건설
금융기관,신한은행,SPC 또는 유동화증권에 대한 신용보강,케이씨씨건설
금융기관,신한은행,SPC 또는 유동화증권에 대한 신용보강,케이씨씨건설
금융기관,신한은행,SPC 또는 유동화증권에 대한 신용보강,케이씨씨건설
금융기관,신한은행,SPC 또는 유동화증권에 대한 신용보강,케이씨씨건설
금융기관,신한은행,SPC 또는 유동화증권에 대한 신용보강,케이씨씨건설
금융기관,신한은행,SPC 또는 유동화증권에 대한 신용보강,케이씨씨건설
금융기관,신한은행,SPC 또는 유동화증권에 대한 신용보강,케이씨씨건설
금융기관,신한은행,SPC 또는 유동화증권에 대한 신용보강,케이씨씨건설
금융기관,신한은행,SPC 또는 유동화증권에 대한 신용보강,케이씨씨건설
금융기관,신한은행,SPC 또는 유동화증권에 대한 신용보강,케이씨씨건설
금융기관,신한은행,SPC 또는 유동화증권에 대한 신용보강,케이씨씨건설
금융기관,신한은행,SPC 또는 유동화증권에 대한 신용보강,케이씨씨건설
금융기관,신한은행,SPC 또는 유동화증권에 대한 신용보강,케이씨씨건설
금융기관,신한은행,SPC 또는 유동화증권에 대한 신용보강,케이씨씨건설
금융기관,신한은행,SPC 또는 유동화증권에 대한 신용보강,케이씨씨건설
금융기관,신한은행,SPC 또는 유동화증권에 대한 신용보강,케이씨씨건설
금융기관,신한은행,SPC 또는 유동화증권에 대한 신용보강,케이씨씨건설
금융기관,신한은행,SPC 또는 유동화증권에 대한 신용보강,케이씨씨건설
금융기관,신한은행,SPC 또는 유동화증권에 대한 신용보강,케이씨씨건설
금융기관,신한은행,SPC 또는 유동화증권에 대한 신용보강,케이씨씨건설
금융기관,신한은행,SPC 또는 유동화증권에 대한 신용보강,케이씨씨건설
금융기관,중소기업은행,유동화증권 매입보장,한화건설
금융기관,중소기업은행,유동화증권 매입보장,한화건설
금융기관,중소기업은행,유동화증권 매입보장,한화건설
금융기관,중소기업은행,유동화증권 매입보장,한화건설
금융기관,중소기업은행,유동화증권 매입보장,한화건설
금융기관,중소기업은행,유동화증권 매입보장,한화건설
금융기관,중소기업은행,유동화증권 매입보장,한화건설
금융기관,중소기업은행,유동화증권 매입보장,한화건설
금융기관,중소기업은행,유동화증권 매입보장,한화건설
금융기관,중소기업은행,유동화증권 매입보장,한화건설
금융기관,중소기업은행,유동화증권 매입보장,한화건설
금융기관,중소기업은행,유동화증권 매입보장,한화건설
금융기관,중소기업은행,유동화증권 매입보장,한화건설
금융기관,중소기업은행,유동화증권 매입보장,한화건설
금융기관,중소기업은행,유동화증권 매입보장,한화건설
금융기관,중소기업은행,유동화증권 매입보장,한화건설
금융기관,중소기업은행,유동화증권 매입보장,한화건설
금융기관,중소기업은행,유동화증권 매입보장,한화건설
금융기관,중소기업은행,유동화증권 매입보장,한화건설
금융기관,중소기업은행,유동화증권 매입보장,한화건설
일반기업,(주)평택브레인시티일피에프브이,SPC 또는 유동화증권에 대한 신용보강,중흥토건 (주)
일반기업,(주)평택브레인시티일피에프브이,SPC 또는 유동화증권에 대한 신용보강,중흥토건 (주)
일반기업,(주)평택브레인시티일피에프브이,SPC 또는 유동화증권에 대한 신용보강,중흥토건 (주)
일반기업,(주)평택브레인시티일피에프브이,SPC 또는 유동화증권에 대한 신용보강,중흥토건 (주)
금융기관,메리츠증권,SPC 또는 유동화증권에 대한 신용보강,(주)포스코이앤씨
,충주시청,발행인 신용도,에이치디씨현대산업개발
,충주시청,발행인 신용도,에이치디씨현대산업개발
,충주시청,발행인 신용도,에이치디씨현대산업개발
,충주시청,발행인 신용도,에이치디씨현대산업개발
,충주시청,발행인 신용도,에이치디씨현대산업개발
,충주시청,발행인 신용도,에이치디씨현대산업개발
,충주시청,발행인 신용도,에이치디씨현대산업개발
,충주시청,발행인 신용도,에이치디씨현대산업개발
,충주시청,발행인 신용도,에이치디씨현대산업개발
,충주시청,발행인 신용도,에이치디씨현대산업개발
,충주시청,발행인 신용도,에이치디씨현대산업개발
,충주시청,발행인 신용도,에이치디씨현대산업개발
금융기관,신한은행,SPC 또는 유동화증권에 대한 신용보강,디엘건설(주)
금융기관,신한은행,SPC 또는 유동화증권에 대한 신용보강,디엘건설(주)
금융기관,신한은행,SPC 또는 유동화증권에 대한 신용보강,디엘건설(주)
금융기관,신한은행,SPC 또는 유동화증권에 대한 신용보강,디엘건설(주)
일반기업,현대건설,SPC 또는 유동화증권에 대한 신용보강,현대건설
일반기업,현대건설,SPC 또는 유동화증권에 대한 신용보강,현대건설
일반기업,현대건설,SPC 또는 유동화증권에 대한 신용보강,현대건설
금융기관,한국투자증권,SPC 또는 유동화증권에 대한 신용보강,지에스건설
금융기관,한국투자증권,SPC 또는 유동화증권에 대한 신용보강,지에스건설
일반기업,현대건설,유동화증권 매입보장,현대건설
일반기업,현대건설,유동화증권 매입보장,현대건설
일반기업,현대건설,유동화증권 매입보장,현대건설
일반기업,현대건설,유동화증권 매입보장,현대건설
일반기업,현대건설,SPC 또는 유동화증권에 대한 신용보강,현대건설
일반기업,현대건설,SPC 또는 유동화증권에 대한 신용보강,현대건설
일반기업,현대건설,SPC 또는 유동화증권에 대한 신용보강,현대건설
일반기업,현대건설,SPC 또는 유동화증권에 대한 신용보강,현대건설
일반기업,현대건설,SPC 또는 유동화증권에 대한 신용보강,현대건설
일반기업,현대건설,SPC 또는 유동화증권에 대한 신용보강,현대건설
일반기업,현대건설,SPC 또는 유동화증권에 대한 신용보강,현대건설
일반기업,현대건설,SPC 또는 유동화증권에 대한 신용보강,현대건설
일반기업,현대건설,SPC 또는 유동화증권에 대한 신용보강,현대건설
일반기업,현대건설,SPC 또는 유동화증권에 대한 신용보강,현대건설
일반기업,현대건설,SPC 또는 유동화증권에 대한 신용보강,현대건설
일반기업,현대건설,SPC 또는 유동화증권에 대한 신용보강,현대건설
일반기업,현대건설,SPC 또는 유동화증권에 대한 신용보강,현대건설
일반기업,현대건설,SPC 또는 유동화증권에 대한 신용보강,현대건설
일반기업,현대건설,SPC 또는 유동화증권에 대한 신용보강,현대건설
일반기업,(주)대림,SPC 또는 유동화증권에 대한 신용보강,디엘건설(주)
일반기업,(주)대림,SPC 또는 유동화증권에 대한 신용보강,디엘건설(주)
일반기업,(주)대림,SPC 또는 유동화증권에 대한 신용보강,디엘건설(주)
일반기업,(주)대림,SPC 또는 유동화증권에 대한 신용보강,디엘건설(주)
일반기업,(주)대림,SPC 또는 유동화증권에 대한 신용보강,디엘건설(주)
일반기업,(주)대림,SPC 또는 유동화증권에 대한 신용보강,디엘건설(주)
일반기업,(주)대림,SPC 또는 유동화증권에 대한 신용보강,디엘건설(주)
일반기업,(주)대림,SPC 또는 유동화증권에 대한 신용보강,디엘건설(주)
,완주군청,발행인 신용도,효성
,완주군청,발행인 신용도,효성
,완주군청,발행인 신용도,효성
,완주군청,발행인 신용도,효성
,완주군청,발행인 신용도,효성
,완주군청,발행인 신용도,효성
,완주군청,발행인 신용도,효성
일반기업,코오롱글로벌,유동화증권 매입보장,코오롱글로벌
일반기업,코오롱글로벌,유동화증권 매입보장,코오롱글로벌
일반기업,코오롱글로벌,유동화증권 매입보장,코오롱글로벌
일반기업,코오롱글로벌,유동화증권 매입보장,코오롱글로벌
일반기업,코오롱글로벌,유동화증권 매입보장,코오롱글로벌
일반기업,코오롱글로벌,유동화증권 매입보장,코오롱글로벌
일반기업,코오롱글로벌,유동화증권 매입보장,코오롱글로벌
일반기업,코오롱글로벌,유동화증권 매입보장,코오롱글로벌
금융기관,한국투자증권,SPC 또는 유동화증권에 대한 신용보강,해당없음
금융기관,한국투자증권,SPC 또는 유동화증권에 대한 신용보강,해당없음
금융기관,한국투자증권,SPC 또는 유동화증권에 대한 신용보강,해당없음
금융기관,한국투자증권,SPC 또는 유동화증권에 대한 신용보강,해당없음
금융기관,한국투자증권,SPC 또는 유동화증권에 대한 신용보강,해당없음
금융기관,국민은행,유동화증권 매입보장,현대건설
금융기관,신한은행,SPC 또는 유동화증권에 대한 신용보강,현대건설
금융기관,신한은행,SPC 또는 유동화증권에 대한 신용보강,현대건설
금융기관,신한은행,SPC 또는 유동화증권에 대한 신용보강,현대건설
금융기관,신한은행,SPC 또는 유동화증권에 대한 신용보강,현대건설
금융기관,신한은행,SPC 또는 유동화증권에 대한 신용보강,현대건설
금융기관,신한은행,SPC 또는 유동화증권에 대한 신용보강,현대건설
금융기관,신한은행,SPC 또는 유동화증권에 대한 신용보강,현대건설
금융기관,신한은행,SPC 또는 유동화증권에 대한 신용보강,현대건설
금융기관,신한은행,SPC 또는 유동화증권에 대한 신용보강,현대건설
금융기관,신한은행,SPC 또는 유동화증권에 대한 신용보강,현대건설
금융기관,신한은행,SPC 또는 유동화증권에 대한 신용보강,현대건설
금융기관,신한은행,SPC 또는 유동화증권에 대한 신용보강,현대건설
금융기관,신한은행,SPC 또는 유동화증권에 대한 신용보강,현대건설
금융기관,국민은행,유동화증권 매입보장,현대건설
금융기관,국민은행,유동화증권 매입보장,현대건설
금융기관,국민은행,유동화증권 매입보장,현대건설
금융기관,국민은행,유동화증권 매입보장,현대건설
금융기관,국민은행,유동화증권 매입보장,현대건설
금융기관,국민은행,유동화증권 매입보장,현대건설
금융기관,국민은행,유동화증권 매입보장,현대건설
금융기관,국민은행,유동화증권 매입보장,현대건설
금융기관,국민은행,유동화증권 매입보장,현대건설
금융기관,국민은행,유동화증권 매입보장,현대건설
금융기관,국민은행,유동화증권 매입보장,현대건설
금융기관,국민은행,유동화증권 매입보장,현대건설
금융기관,국민은행,유동화증권 매입보장,현대건설
금융기관,국민은행,유동화증권 매입보장,현대건설
금융기관,국민은행,유동화증권 매입보장,현대건설
금융기관,국민은행,유동화증권 매입보장,현대건설
금융기관,국민은행,유동화증권 매입보장,현대건설
금융기관,국민은행,유동화증권 매입보장,현대건설
금융기관,국민은행,유동화증권 매입보장,현대건설
일반기업,현대건설,SPC 또는 유동화증권에 대한 신용보강,현대건설
금융기관,교보증권,SPC 또는 유동화증권에 대한 신용보강,은일종합건설주식회사
일반기업,현대건설,SPC 또는 유동화증권에 대한 신용보강,현대건설
금융기관,신한은행,유동화증권 매입보장,스마트레일(주)
금융기관,신한은행,유동화증권 매입보장,스마트레일(주)
금융기관,신한은행,유동화증권 매입보장,스마트레일(주)
금융기관,신한은행,유동화증권 매입보장,스마트레일(주)
금융기관,신한은행,유동화증권 매입보장,스마트레일(주)
금융기관,신한은행,유동화증권 매입보장,스마트레일(주)
금융기관,신한은행,유동화증권 매입보장,스마트레일(주)
금융기관,신한은행,유동화증권 매입보장,스마트레일(주)
금융기관,신한은행,유동화증권 매입보장,스마트레일(주)
금융기관,신한은행,유동화증권 매입보장,스마트레일(주)
금융기관,신한은행,유동화증권 매입보장,스마트레일(주)
금융기관,신한은행,유동화증권 매입보장,스마트레일(주)
금융기관,신한은행,유동화증권 매입보장,스마트레일(주)
금융기관,신한은행,유동화증권 매입보장,스마트레일(주)
금융기관,신한은행,유동화증권 매입보장,스마트레일(주)
금융기관,신한은행,유동화증권 매입보장,스마트레일(주)
금융기관,신한은행,유동화증권 매입보장,스마트레일(주)
금융기관,신한은행,유동화증권 매입보장,스마트레일(주)
금융기관,신한은행,유동화증권 매입보장,스마트레일(주)
금융기관,신한은행,유동화증권 매입보장,스마트레일(주)
금융기관,신한은행,유동화증권 매입보장,스마트레일(주)
금융기관,신한은행,유동화증권 매입보장,스마트레일(주)
금융기관,신한은행,유동화증권 매입보장,스마트레일(주)
금융기관,신한은행,유동화증권 매입보장,스마트레일(주)
금융기관,신한은행,유동화증권 매입보장,스마트레일(주)
금융기관,신한은행,유동화증권 매입보장,스마트레일(주)
금융기관,신한은행,유동화증권 매입보장,스마트레일(주)
금융기관,신한은행,유동화증권 매입보장,스마트레일(주)
금융기관,신한은행,유동화증권 매입보장,스마트레일(주)
금융기관,신한은행,유동화증권 매입보장,스마트레일(주)
금융기관,신한은행,유동화증권 매입보장,스마트레일(주)
금융기관,신한은행,유동화증권 매입보장,스마트레일(주)
금융기관,신한은행,유동화증권 매입보장,스마트레일(주)
금융기관,신한은행,유동화증권 매입보장,스마트레일(주)
금융기관,신한은행,유동화증권 매입보장,스마트레일(주)
금융기관,신한은행,유동화증권 매입보장,스마트레일(주)
금융기관,신한은행,유동화증권 매입보장,스마트레일(주)
금융기관,신한은행,유동화증권 매입보장,스마트레일(주)
금융기관,신한은행,유동화증권 매입보장,스마트레일(주)
금융기관,신한은행,유동화증권 매입보장,스마트레일(주)
금융기관,신한은행,유동화증권 매입보장,스마트레일(주)
금융기관,신한은행,유동화증권 매입보장,스마트레일(주)
금융기관,신한은행,유동화증권 매입보장,스마트레일(주)
금융기관,신한은행,유동화증권 매입보장,스마트레일(주)
금융기관,신한은행,유동화증권 매입보장,스마트레일(주)
금융기관,신한은행,유동화증권 매입보장,스마트레일(주)
금융기관,신한은행,유동화증권 매입보장,스마트레일(주)
금융기관,신한은행,유동화증권 매입보장,스마트레일(주)
일반기업,코오롱글로벌,유동화증권 매입보장,코오롱글로벌
일반기업,코오롱글로벌,유동화증권 매입보장,코오롱글로벌
일반기업,코오롱글로벌,유동화증권 매입보장,코오롱글로벌
일반기업,코오롱글로벌,유동화증권 매입보장,코오롱글로벌
일반기업,코오롱글로벌,유동화증권 매입보장,코오롱글로벌
일반기업,코오롱글로벌,유동화증권 매입보장,코오롱글로벌
일반기업,코오롱글로벌,유동화증권 매입보장,코오롱글로벌
일반기업,코오롱글로벌,유동화증권 매입보장,코오롱글로벌
일반기업,코오롱글로벌,유동화증권 매입보장,코오롱글로벌
일반기업,코오롱글로벌,유동화증권 매입보장,코오롱글로벌
일반기업,코오롱글로벌,유동화증권 매입보장,코오롱글로벌
일반기업,코오롱글로벌,유동화증권 매입보장,코오롱글로벌
일반기업,코오롱글로벌,유동화증권 매입보장,코오롱글로벌
일반기업,코오롱글로벌,유동화증권 매입보장,코오롱글로벌
일반기업,코오롱글로벌,유동화증권 매입보장,코오롱글로벌
일반기업,코오롱글로벌,유동화증권 매입보장,코오롱글로벌
일반기업,코오롱글로벌,유동화증권 매입보장,코오롱글로벌
일반기업,코오롱글로벌,유동화증권 매입보장,코오롱글로벌
일반기업,코오롱글로벌,유동화증권 매입보장,코오롱글로벌
일반기업,코오롱글로벌,유동화증권 매입보장,코오롱글로벌
일반기업,코오롱글로벌,유동화증권 매입보장,코오롱글로벌
일반기업,코오롱글로벌,유동화증권 매입보장,코오롱글로벌
일반기업,코오롱글로벌,유동화증권 매입보장,코오롱글로벌
일반기업,코오롱글로벌,유동화증권 매입보장,코오롱글로벌
일반기업,코오롱글로벌,유동화증권 매입보장,코오롱글로벌
일반기업,코오롱글로벌,유동화증권 매입보장,코오롱글로벌
일반기업,코오롱글로벌,유동화증권 매입보장,코오롱글로벌
일반기업,코오롱글로벌,유동화증권 매입보장,코오롱글로벌
일반기업,코오롱글로벌,유동화증권 매입보장,코오롱글로벌
일반기업,코오롱글로벌,유동화증권 매입보장,코오롱글로벌
일반기업,현대건설,SPC 또는 유동화증권에 대한 신용보강,현대건설
일반기업,현대건설,SPC 또는 유동화증권에 대한 신용보강,현대건설
일반기업,현대건설,SPC 또는 유동화증권에 대한 신용보강,현대건설
일반기업,현대건설,SPC 또는 유동화증권에 대한 신용보강,현대건설
일반기업,현대건설,SPC 또는 유동화증권에 대한 신용보강,현대건설
일반기업,현대건설,SPC 또는 유동화증권에 대한 신용보강,현대건설
일반기업,현대건설,SPC 또는 유동화증권에 대한 신용보강,현대건설
일반기업,현대건설,SPC 또는 유동화증권에 대한 신용보강,현대건설
일반기업,현대건설,SPC 또는 유동화증권에 대한 신용보강,현대건설
일반기업,현대건설,SPC 또는 유동화증권에 대한 신용보강,현대건설
일반기업,현대건설,SPC 또는 유동화증권에 대한 신용보강,현대건설
일반기업,현대건설,SPC 또는 유동화증권에 대한 신용보강,현대건설
일반기업,현대건설,SPC 또는 유동화증권에 대한 신용보강,현대건설
일반기업,현대건설,SPC 또는 유동화증권에 대한 신용보강,현대건설
일반기업,현대건설,SPC 또는 유동화증권에 대한 신용보강,현대건설
일반기업,현대건설,SPC 또는 유동화증권에 대한 신용보강,현대건설
일반기업,현대건설,SPC 또는 유동화증권에 대한 신용보강,현대건설
일반기업,현대건설,SPC 또는 유동화증권에 대한 신용보강,현대건설
일반기업,현대건설,SPC 또는 유동화증권에 대한 신용보강,현대건설
일반기업,현대건설,SPC 또는 유동화증권에 대한 신용보강,현대건설
일반기업,현대건설,SPC 또는 유동화증권에 대한 신용보강,현대건설
일반기업,현대건설,SPC 또는 유동화증권에 대한 신용보강,현대건설
일반기업,현대건설,SPC 또는 유동화증권에 대한 신용보강,현대건설
일반기업,현대건설,SPC 또는 유동화증권에 대한 신용보강,현대건설
금융기관,교보증권,SPC 또는 유동화증권에 대한 신용보강,승윤종합건설
일반기업,현대건설,SPC 또는 유동화증권에 대한 신용보강,현대건설
일반기업,현대건설,SPC 또는 유동화증권에 대한 신용보강,현대건설
일반기업,현대건설,SPC 또는 유동화증권에 대한 신용보강,현대건설
일반기업,현대건설,SPC 또는 유동화증권에 대한 신용보강,현대건설
일반기업,현대건설,SPC 또는 유동화증권에 대한 신용보강,현대건설
일반기업,현대건설,SPC 또는 유동화증권에 대한 신용보강,현대건설
일반기업,현대건설,SPC 또는 유동화증권에 대한 신용보강,현대건설
일반기업,현대건설,SPC 또는 유동화증권에 대한 신용보강,현대건설
일반기업,현대건설,SPC 또는 유동화증권에 대한 신용보강,현대건설
일반기업,현대건설,SPC 또는 유동화증권에 대한 신용보강,현대건설
금융기관,교보증권,SPC 또는 유동화증권에 대한 신용보강,(주)포스코이앤씨
일반기업,현대건설,SPC 또는 유동화증권에 대한 신용보강,현대건설
일반기업,현대건설,SPC 또는 유동화증권에 대한 신용보강,현대건설
일반기업,현대건설,SPC 또는 유동화증권에 대한 신용보강,현대건설
일반기업,현대건설,SPC 또는 유동화증권에 대한 신용보강,현대건설
일반기업,현대건설,SPC 또는 유동화증권에 대한 신용보강,현대건설
일반기업,현대건설,SPC 또는 유동화증권에 대한 신용보강,현대건설
일반기업,현대건설,SPC 또는 유동화증권에 대한 신용보강,현대건설
일반기업,현대건설,SPC 또는 유동화증권에 대한 신용보강,현대건설
일반기업,현대건설,SPC 또는 유동화증권에 대한 신용보강,현대건설
일반기업,현대건설,SPC 또는 유동화증권에 대한 신용보강,현대건설
일반기업,현대건설,SPC 또는 유동화증권에 대한 신용보강,현대건설
일반기업,현대건설,SPC 또는 유동화증권에 대한 신용보강,현대건설
일반기업,현대건설,SPC 또는 유동화증권에 대한 신용보강,현대건설
일반기업,현대건설,SPC 또는 유동화증권에 대한 신용보강,현대건설
일반기업,현대건설,SPC 또는 유동화증권에 대한 신용보강,현대건설
일반기업,현대건설,SPC 또는 유동화증권에 대한 신용보강,현대건설
일반기업,현대건설,SPC 또는 유동화증권에 대한 신용보강,현대건설
일반기업,현대건설,SPC 또는 유동화증권에 대한 신용보강,현대건설
일반기업,현대건설,SPC 또는 유동화증권에 대한 신용보강,현대건설
일반기업,현대건설,SPC 또는 유동화증권에 대한 신용보강,현대건설
일반기업,현대건설,SPC 또는 유동화증권에 대한 신용보강,현대건설
일반기업,현대건설,SPC 또는 유동화증권에 대한 신용보강,현대건설
일반기업,현대건설,SPC 또는 유동화증권에 대한 신용보강,현대건설
일반기업,신세계건설,SPC 또는 유동화증권에 대한 신용보강,신세계건설
일반기업,신세계건설,SPC 또는 유동화증권에 대한 신용보강,신세계건설
일반기업,신세계건설,SPC 또는 유동화증권에 대한 신용보강,신세계건설
일반기업,신세계건설,SPC 또는 유동화증권에 대한 신용보강,신세계건설
일반기업,신세계건설,SPC 또는 유동화증권에 대한 신용보강,신세계건설
일반기업,신세계건설,SPC 또는 유동화증권에 대한 신용보강,신세계건설
일반기업,신세계건설,SPC 또는 유동화증권에 대한 신용보강,신세계건설
일반기업,신세계건설,SPC 또는 유동화증권에 대한 신용보강,신세계건설
일반기업,신세계건설,SPC 또는 유동화증권에 대한 신용보강,신세계건설
일반기업,신세계건설,SPC 또는 유동화증권에 대한 신용보강,신세계건설
일반기업,신세계건설,SPC 또는 유동화증권에 대한 신용보강,신세계건설
일반기업,신세계건설,SPC 또는 유동화증권에 대한 신용보강,신세계건설
일반기업,신세계건설,SPC 또는 유동화증권에 대한 신용보강,신세계건설
일반기업,신세계건설,SPC 또는 유동화증권에 대한 신용보강,신세계건설
일반기업,신세계건설,SPC 또는 유동화증권에 대한 신용보강,신세계건설
일반기업,신세계건설,SPC 또는 유동화증권에 대한 신용보강,신세계건설
일반기업,신세계건설,SPC 또는 유동화증권에 대한 신용보강,신세계건설
일반기업,신세계건설,SPC 또는 유동화증권에 대한 신용보강,신세계건설
일반기업,신세계건설,SPC 또는 유동화증권에 대한 신용보강,신세계건설
일반기업,신세계건설,SPC 또는 유동화증권에 대한 신용보강,신세계건설
일반기업,신세계건설,SPC 또는 유동화증권에 대한 신용보강,신세계건설
일반기업,신세계건설,SPC 또는 유동화증권에 대한 신용보강,신세계건설
일반기업,신세계건설,SPC 또는 유동화증권에 대한 신용보강,신세계건설
일반기업,신세계건설,SPC 또는 유동화증권에 대한 신용보강,신세계건설
일반기업,신세계건설,SPC 또는 유동화증권에 대한 신용보강,신세계건설
일반기업,신세계건설,SPC 또는 유동화증권에 대한 신용보강,신세계건설
일반기업,신세계건설,SPC 또는 유동화증권에 대한 신용보강,신세계건설
일반기업,신세계건설,SPC 또는 유동화증권에 대한 신용보강,신세계건설
일반기업,신세계건설,SPC 또는 유동화증권에 대한 신용보강,신세계건설
일반기업,신세계건설,SPC 또는 유동화증권에 대한 신용보강,신세계건설
일반기업,신세계건설,SPC 또는 유동화증권에 대한 신용보강,신세계건설
일반기업,신세계건설,SPC 또는 유동화증권에 대한 신용보강,신세계건설
일반기업,신세계건설,SPC 또는 유동화증권에 대한 신용보강,신세계건설
일반기업,신세계건설,SPC 또는 유동화증권에 대한 신용보강,신세계건설
일반기업,신세계건설,SPC 또는 유동화증권에 대한 신용보강,신세계건설
일반기업,신세계건설,SPC 또는 유동화증권에 대한 신용보강,신세계건설
일반기업,신세계건설,SPC 또는 유동화증권에 대한 신용보강,신세계건설
일반기업,신세계건설,SPC 또는 유동화증권에 대한 신용보강,신세계건설
일반기업,신세계건설,SPC 또는 유동화증권에 대한 신용보강,신세계건설
일반기업,신세계건설,SPC 또는 유동화증권에 대한 신용보강,신세계건설
일반기업,신세계건설,SPC 또는 유동화증권에 대한 신용보강,신세계건설
일반기업,신세계건설,SPC 또는 유동화증권에 대한 신용보강,신세계건설
일반기업,신세계건설,SPC 또는 유동화증권에 대한 신용보강,신세계건설
일반기업,신세계건설,SPC 또는 유동화증권에 대한 신용보강,신세계건설
일반기업,신세계건설,SPC 또는 유동화증권에 대한 신용보강,신세계건설
일반기업,신세계건설,SPC 또는 유동화증권에 대한 신용보강,신세계건설
일반기업,신세계건설,SPC 또는 유동화증권에 대한 신용보강,신세계건설
일반기업,신세계건설,SPC 또는 유동화증권에 대한 신용보강,신세계건설
일반기업,신세계건설,SPC 또는 유동화증권에 대한 신용보강,신세계건설
일반기업,롯데건설,SPC 또는 유동화증권에 대한 신용보강,롯데건설
일반기업,롯데건설,SPC 또는 유동화증권에 대한 신용보강,롯데건설
일반기업,롯데건설,SPC 또는 유동화증권에 대한 신용보강,롯데건설
일반기업,롯데건설,SPC 또는 유동화증권에 대한 신용보강,롯데건설
일반기업,롯데건설,SPC 또는 유동화증권에 대한 신용보강,롯데건설
일반기업,롯데건설,SPC 또는 유동화증권에 대한 신용보강,롯데건설
일반기업,롯데건설,SPC 또는 유동화증권에 대한 신용보강,롯데건설
일반기업,롯데건설,SPC 또는 유동화증권에 대한 신용보강,롯데건설
일반기업,롯데건설,SPC 또는 유동화증권에 대한 신용보강,롯데건설
일반기업,롯데건설,SPC 또는 유동화증권에 대한 신용보강,롯데건설
일반기업,롯데건설,SPC 또는 유동화증권에 대한 신용보강,롯데건설
일반기업,롯데건설,SPC 또는 유동화증권에 대한 신용보강,롯데건설
일반기업,롯데건설,SPC 또는 유동화증권에 대한 신용보강,롯데건설
일반기업,롯데건설,SPC 또는 유동화증권에 대한 신용보강,롯데건설
금융기관,대신증권,유동화증권 매입보장,해당없음
금융기관,대신증권,유동화증권 매입보장,해당없음
금융기관,대신증권,유동화증권 매입보장,해당없음
금융기관,한국투자증권,유동화증권 매입보장,해당없음
일반기업,대우건설,SPC 또는 유동화증권에 대한 신용보강,대우건설
일반기업,대우건설,SPC 또는 유동화증권에 대한 신용보강,대우건설
일반기업,대우건설,SPC 또는 유동화증권에 대한 신용보강,대우건설
일반기업,대우건설,SPC 또는 유동화증권에 대한 신용보강,대우건설
일반기업,대우건설,SPC 또는 유동화증권에 대한 신용보강,대우건설
일반기업,대우건설,SPC 또는 유동화증권에 대한 신용보강,대우건설
일반기업,대우건설,SPC 또는 유동화증권에 대한 신용보강,대우건설
일반기업,대우건설,SPC 또는 유동화증권에 대한 신용보강,대우건설
일반기업,대우건설,SPC 또는 유동화증권에 대한 신용보강,대우건설
일반기업,대우건설,SPC 또는 유동화증권에 대한 신용보강,대우건설
일반기업,대우건설,SPC 또는 유동화증권에 대한 신용보강,대우건설
일반기업,대우건설,SPC 또는 유동화증권에 대한 신용보강,대우건설
일반기업,대우건설,SPC 또는 유동화증권에 대한 신용보강,대우건설
일반기업,대우건설,SPC 또는 유동화증권에 대한 신용보강,대우건설
일반기업,대우건설,SPC 또는 유동화증권에 대한 신용보강,대우건설
일반기업,대우건설,SPC 또는 유동화증권에 대한 신용보강,대우건설
일반기업,대우건설,SPC 또는 유동화증권에 대한 신용보강,대우건설
일반기업,대우건설,SPC 또는 유동화증권에 대한 신용보강,대우건설
일반기업,대우건설,SPC 또는 유동화증권에 대한 신용보강,대우건설
일반기업,대우건설,SPC 또는 유동화증권에 대한 신용보강,대우건설
일반기업,대우건설,SPC 또는 유동화증권에 대한 신용보강,대우건설
일반기업,대우건설,SPC 또는 유동화증권에 대한 신용보강,대우건설
일반기업,대우건설,SPC 또는 유동화증권에 대한 신용보강,대우건설
일반기업,대우건설,SPC 또는 유동화증권에 대한 신용보강,대우건설
일반기업,대우건설,SPC 또는 유동화증권에 대한 신용보강,대우건설
일반기업,대우건설,SPC 또는 유동화증권에 대한 신용보강,대우건설
일반기업,대우건설,SPC 또는 유동화증권에 대한 신용보강,대우건설
일반기업,대우건설,SPC 또는 유동화증권에 대한 신용보강,대우건설
일반기업,대우건설,SPC 또는 유동화증권에 대한 신용보강,대우건설
일반기업,대우건설,SPC 또는 유동화증권에 대한 신용보강,대우건설
일반기업,대우건설,SPC 또는 유동화증권에 대한 신용보강,대우건설
일반기업,대우건설,SPC 또는 유동화증권에 대한 신용보강,대우건설
일반기업,대우건설,SPC 또는 유동화증권에 대한 신용보강,대우건설
일반기업,대우건설,SPC 또는 유동화증권에 대한 신용보강,대우건설
일반기업,대우건설,SPC 또는 유동화증권에 대한 신용보강,대우건설
일반기업,대우건설,SPC 또는 유동화증권에 대한 신용보강,대우건설
일반기업,대우건설,SPC 또는 유동화증권에 대한 신용보강,대우건설
일반기업,대우건설,SPC 또는 유동화증권에 대한 신용보강,대우건설
일반기업,대우건설,SPC 또는 유동화증권에 대한 신용보강,대우건설
일반기업,대우건설,SPC 또는 유동화증권에 대한 신용보강,대우건설
일반기업,대우건설,SPC 또는 유동화증권에 대한 신용보강,대우건설
일반기업,대우건설,SPC 또는 유동화증권에 대한 신용보강,대우건설
일반기업,대우건설,SPC 또는 유동화증권에 대한 신용보강,대우건설
일반기업,대우건설,SPC 또는 유동화증권에 대한 신용보강,대우건설
일반기업,대우건설,SPC 또는 유동화증권에 대한 신용보강,대우건설
일반기업,대우건설,SPC 또는 유동화증권에 대한 신용보강,대우건설
일반기업,대우건설,SPC 또는 유동화증권에 대한 신용보강,대우건설
일반기업,대우건설,SPC 또는 유동화증권에 대한 신용보강,대우건설
일반기업,대우건설,SPC 또는 유동화증권에 대한 신용보강,대우건설
일반기업,에스케이에코플랜트(주),SPC 또는 유동화증권에 대한 신용보강,에스케이에코플랜트(주)
일반기업,에스케이에코플랜트(주),SPC 또는 유동화증권에 대한 신용보강,에스케이에코플랜트(주)
일반기업,에스케이에코플랜트(주),SPC 또는 유동화증권에 대한 신용보강,에스케이에코플랜트(주)
일반기업,에스케이에코플랜트(주),SPC 또는 유동화증권에 대한 신용보강,에스케이에코플랜트(주)
일반기업,에스케이에코플랜트(주),SPC 또는 유동화증권에 대한 신용보강,에스케이에코플랜트(주)
일반기업,에스케이에코플랜트(주),SPC 또는 유동화증권에 대한 신용보강,에스케이에코플랜트(주)
일반기업,에스케이에코플랜트(주),SPC 또는 유동화증권에 대한 신용보강,에스케이에코플랜트(주)
일반기업,에스케이에코플랜트(주),SPC 또는 유동화증권에 대한 신용보강,에스케이에코플랜트(주)
일반기업,에스케이에코플랜트(주),SPC 또는 유동화증권에 대한 신용보강,에스케이에코플랜트(주)
일반기업,에스케이에코플랜트(주),SPC 또는 유동화증권에 대한 신용보강,에스케이에코플랜트(주)
일반기업,에스케이에코플랜트(주),SPC 또는 유동화증권에 대한 신용보강,에스케이에코플랜트(주)
일반기업,에스케이에코플랜트(주),SPC 또는 유동화증권에 대한 신용보강,에스케이에코플랜트(주)
일반기업,에스케이에코플랜트(주),SPC 또는 유동화증권에 대한 신용보강,에스케이에코플랜트(주)
일반기업,에스케이에코플랜트(주),SPC 또는 유동화증권에 대한 신용보강,에스케이에코플랜트(주)
일반기업,에스케이에코플랜트(주),SPC 또는 유동화증권에 대한 신용보강,에스케이에코플랜트(주)
일반기업,에스케이에코플랜트(주),SPC 또는 유동화증권에 대한 신용보강,에스케이에코플랜트(주)
일반기업,에스케이에코플랜트(주),SPC 또는 유동화증권에 대한 신용보강,에스케이에코플랜트(주)
일반기업,에스케이에코플랜트(주),SPC 또는 유동화증권에 대한 신용보강,에스케이에코플랜트(주)
일반기업,에스케이에코플랜트(주),SPC 또는 유동화증권에 대한 신용보강,에스케이에코플랜트(주)
일반기업,에스케이에코플랜트(주),SPC 또는 유동화증권에 대한 신용보강,에스케이에코플랜트(주)
일반기업,에스케이에코플랜트(주),SPC 또는 유동화증권에 대한 신용보강,에스케이에코플랜트(주)
일반기업,에스케이에코플랜트(주),SPC 또는 유동화증권에 대한 신용보강,에스케이에코플랜트(주)
일반기업,에스케이에코플랜트(주),SPC 또는 유동화증권에 대한 신용보강,에스케이에코플랜트(주)
일반기업,에스케이에코플랜트(주),SPC 또는 유동화증권에 대한 신용보강,에스케이에코플랜트(주)
일반기업,에스케이에코플랜트(주),SPC 또는 유동화증권에 대한 신용보강,에스케이에코플랜트(주)
일반기업,에스케이에코플랜트(주),SPC 또는 유동화증권에 대한 신용보강,에스케이에코플랜트(주)
일반기업,에스케이에코플랜트(주),SPC 또는 유동화증권에 대한 신용보강,에스케이에코플랜트(주)
일반기업,에스케이에코플랜트(주),SPC 또는 유동화증권에 대한 신용보강,에스케이에코플랜트(주)
일반기업,에스케이에코플랜트(주),SPC 또는 유동화증권에 대한 신용보강,에스케이에코플랜트(주)
일반기업,에스케이에코플랜트(주),SPC 또는 유동화증권에 대한 신용보강,에스케이에코플랜트(주)
일반기업,에스케이에코플랜트(주),SPC 또는 유동화증권에 대한 신용보강,에스케이에코플랜트(주)
일반기업,에스케이에코플랜트(주),SPC 또는 유동화증권에 대한 신용보강,에스케이에코플랜트(주)
일반기업,에스케이에코플랜트(주),SPC 또는 유동화증권에 대한 신용보강,에스케이에코플랜트(주)
금융기관,대신증권,SPC 또는 유동화증권에 대한 신용보강,현대엔지니어링
금융기관,대신증권,유동화증권 매입보장,해당없음
금융기관,대신증권,유동화증권 매입보장,해당없음
금융기관,대신증권,유동화증권 매입보장,해당없음
금융기관,대신증권,유동화증권 매입보장,해당없음
금융기관,대신증권,유동화증권 매입보장,해당없음
금융기관,메리츠증권,유동화증권 매입보장,해당없음
금융기관,메리츠증권,유동화증권 매입보장,해당없음
금융기관,메리츠증권,유동화증권 매입보장,해당없음
금융기관,메리츠증권,유동화증권 매입보장,해당없음
금융기관,메리츠증권,유동화증권 매입보장,해당없음
금융기관,메리츠증권,유동화증권 매입보장,해당없음
금융기관,메리츠증권,유동화증권 매입보장,(주)포스코이앤씨
금융기관,메리츠증권,유동화증권 매입보장,(주)포스코이앤씨
금융기관,메리츠증권,유동화증권 매입보장,(주)포스코이앤씨
금융기관,메리츠증권,유동화증권 매입보장,(주)포스코이앤씨
금융기관,메리츠증권,SPC 또는 유동화증권에 대한 신용보강,롯데건설
금융기관,메리츠증권,SPC 또는 유동화증권에 대한 신용보강,롯데건설
금융기관,메리츠증권,SPC 또는 유동화증권에 대한 신용보강,롯데건설
금융기관,메리츠증권,SPC 또는 유동화증권에 대한 신용보강,롯데건설
일반기업,지에스건설,SPC 또는 유동화증권에 대한 신용보강,지에스건설
일반기업,지에스건설,SPC 또는 유동화증권에 대한 신용보강,지에스건설
일반기업,지에스건설,SPC 또는 유동화증권에 대한 신용보강,지에스건설
일반기업,지에스건설,SPC 또는 유동화증권에 대한 신용보강,지에스건설
일반기업,지에스건설,SPC 또는 유동화증권에 대한 신용보강,지에스건설
일반기업,지에스건설,SPC 또는 유동화증권에 대한 신용보강,지에스건설
일반기업,지에스건설,SPC 또는 유동화증권에 대한 신용보강,지에스건설
일반기업,지에스건설,SPC 또는 유동화증권에 대한 신용보강,지에스건설
일반기업,지에스건설,SPC 또는 유동화증권에 대한 신용보강,지에스건설
일반기업,지에스건설,SPC 또는 유동화증권에 대한 신용보강,지에스건설
일반기업,지에스건설,SPC 또는 유동화증권에 대한 신용보강,지에스건설
일반기업,지에스건설,SPC 또는 유동화증권에 대한 신용보강,지에스건설
일반기업,지에스건설,SPC 또는 유동화증권에 대한 신용보강,지에스건설
일반기업,지에스건설,SPC 또는 유동화증권에 대한 신용보강,지에스건설
일반기업,지에스건설,SPC 또는 유동화증권에 대한 신용보강,지에스건설
일반기업,지에스건설,SPC 또는 유동화증권에 대한 신용보강,지에스건설
일반기업,지에스건설,SPC 또는 유동화증권에 대한 신용보강,지에스건설
일반기업,지에스건설,SPC 또는 유동화증권에 대한 신용보강,지에스건설
일반기업,지에스건설,SPC 또는 유동화증권에 대한 신용보강,지에스건설
일반기업,지에스건설,SPC 또는 유동화증권에 대한 신용보강,지에스건설
일반기업,지에스건설,SPC 또는 유동화증권에 대한 신용보강,지에스건설
일반기업,지에스건설,SPC 또는 유동화증권에 대한 신용보강,지에스건설
일반기업,지에스건설,SPC 또는 유동화증권에 대한 신용보강,지에스건설
일반기업,지에스건설,SPC 또는 유동화증권에 대한 신용보강,지에스건설
일반기업,지에스건설,SPC 또는 유동화증권에 대한 신용보강,지에스건설
일반기업,지에스건설,SPC 또는 유동화증권에 대한 신용보강,지에스건설
일반기업,지에스건설,SPC 또는 유동화증권에 대한 신용보강,지에스건설
일반기업,지에스건설,SPC 또는 유동화증권에 대한 신용보강,지에스건설
일반기업,지에스건설,SPC 또는 유동화증권에 대한 신용보강,지에스건설
일반기업,지에스건설,SPC 또는 유동화증권에 대한 신용보강,지에스건설
일반기업,지에스건설,SPC 또는 유동화증권에 대한 신용보강,지에스건설
일반기업,지에스건설,SPC 또는 유동화증권에 대한 신용보강,지에스건설
일반기업,지에스건설,SPC 또는 유동화증권에 대한 신용보강,지에스건설
일반기업,지에스건설,SPC 또는 유동화증권에 대한 신용보강,지에스건설
일반기업,지에스건설,SPC 또는 유동화증권에 대한 신용보강,지에스건설
일반기업,지에스건설,SPC 또는 유동화증권에 대한 신용보강,지에스건설
일반기업,지에스건설,SPC 또는 유동화증권에 대한 신용보강,지에스건설
금융기관,메리츠증권,SPC 또는 유동화증권에 대한 신용보강,한국토지주택공사
금융기관,메리츠증권,SPC 또는 유동화증권에 대한 신용보강,한국토지주택공사
금융기관,메리츠증권,SPC 또는 유동화증권에 대한 신용보강,한국토지주택공사
금융기관,메리츠증권,SPC 또는 유동화증권에 대한 신용보강,한국토지주택공사
금융기관,메리츠증권,SPC 또는 유동화증권에 대한 신용보강,한국토지주택공사
금융기관,메리츠증권,SPC 또는 유동화증권에 대한 신용보강,한국토지주택공사
금융기관,메리츠증권,SPC 또는 유동화증권에 대한 신용보강,한국토지주택공사
금융기관,메리츠증권,SPC 또는 유동화증권에 대한 신용보강,한국토지주택공사
금융기관,메리츠증권,SPC 또는 유동화증권에 대한 신용보강,한국토지주택공사
금융기관,메리츠증권,SPC 또는 유동화증권에 대한 신용보강,한국토지주택공사
금융기관,메리츠증권,SPC 또는 유동화증권에 대한 신용보강,한국토지주택공사
금융기관,메리츠증권,SPC 또는 유동화증권에 대한 신용보강,한국토지주택공사
금융기관,메리츠증권,SPC 또는 유동화증권에 대한 신용보강,한국토지주택공사
금융기관,메리츠증권,SPC 또는 유동화증권에 대한 신용보강,한국토지주택공사
금융기관,메리츠증권,SPC 또는 유동화증권에 대한 신용보강,한국토지주택공사
금융기관,메리츠증권,SPC 또는 유동화증권에 대한 신용보강,한국토지주택공사
일반기업,현대건설,SPC 또는 유동화증권에 대한 신용보강,현대건설
일반기업,현대건설,SPC 또는 유동화증권에 대한 신용보강,현대건설
일반기업,현대건설,SPC 또는 유동화증권에 대한 신용보강,현대건설
일반기업,현대건설,SPC 또는 유동화증권에 대한 신용보강,현대건설
일반기업,현대건설,SPC 또는 유동화증권에 대한 신용보강,현대건설
일반기업,현대건설,SPC 또는 유동화증권에 대한 신용보강,현대건설
일반기업,대우건설,SPC 또는 유동화증권에 대한 신용보강,대우건설
일반기업,대우건설,SPC 또는 유동화증권에 대한 신용보강,대우건설
일반기업,대우건설,SPC 또는 유동화증권에 대한 신용보강,대우건설
일반기업,대우건설,SPC 또는 유동화증권에 대한 신용보강,대우건설
일반기업,대우건설,SPC 또는 유동화증권에 대한 신용보강,대우건설
일반기업,대우건설,SPC 또는 유동화증권에 대한 신용보강,대우건설
일반기업,대우건설,SPC 또는 유동화증권에 대한 신용보강,대우건설
일반기업,대우건설,SPC 또는 유동화증권에 대한 신용보강,대우건설
일반기업,대우건설,SPC 또는 유동화증권에 대한 신용보강,대우건설
일반기업,대우건설,SPC 또는 유동화증권에 대한 신용보강,대우건설
일반기업,대우건설,SPC 또는 유동화증권에 대한 신용보강,대우건설
일반기업,대우건설,SPC 또는 유동화증권에 대한 신용보강,대우건설
일반기업,대우건설,SPC 또는 유동화증권에 대한 신용보강,대우건설
일반기업,대우건설,SPC 또는 유동화증권에 대한 신용보강,대우건설
일반기업,대우건설,SPC 또는 유동화증권에 대한 신용보강,대우건설
일반기업,대우건설,SPC 또는 유동화증권에 대한 신용보강,대우건설
일반기업,대우건설,SPC 또는 유동화증권에 대한 신용보강,대우건설
일반기업,대우건설,SPC 또는 유동화증권에 대한 신용보강,대우건설
일반기업,대우건설,SPC 또는 유동화증권에 대한 신용보강,대우건설
일반기업,대우건설,SPC 또는 유동화증권에 대한 신용보강,대우건설
일반기업,대우건설,SPC 또는 유동화증권에 대한 신용보강,대우건설
일반기업,대우건설,SPC 또는 유동화증권에 대한 신용보강,대우건설
일반기업,대우건설,SPC 또는 유동화증권에 대한 신용보강,대우건설
일반기업,대우건설,SPC 또는 유동화증권에 대한 신용보강,대우건설
일반기업,대우건설,SPC 또는 유동화증권에 대한 신용보강,대우건설
일반기업,대우건설,SPC 또는 유동화증권에 대한 신용보강,대우건설
일반기업,대우건설,SPC 또는 유동화증권에 대한 신용보강,대우건설
일반기업,대우건설,SPC 또는 유동화증권에 대한 신용보강,대우건설
일반기업,대우건설,SPC 또는 유동화증권에 대한 신용보강,대우건설
일반기업,대우건설,SPC 또는 유동화증권에 대한 신용보강,대우건설
일반기업,대우건설,SPC 또는 유동화증권에 대한 신용보강,대우건설
일반기업,대우건설,SPC 또는 유동화증권에 대한 신용보강,대우건설
일반기업,대우건설,SPC 또는 유동화증권에 대한 신용보강,대우건설
일반기업,대우건설,SPC 또는 유동화증권에 대한 신용보강,대우건설
일반기업,대우건설,SPC 또는 유동화증권에 대한 신용보강,대우건설
일반기업,대우건설,SPC 또는 유동화증권에 대한 신용보강,대우건설
일반기업,대우건설,SPC 또는 유동화증권에 대한 신용보강,대우건설
일반기업,대우건설,SPC 또는 유동화증권에 대한 신용보강,대우건설
일반기업,대우건설,SPC 또는 유동화증권에 대한 신용보강,대우건설
일반기업,대우건설,SPC 또는 유동화증권에 대한 신용보강,대우건설
일반기업,대우건설,SPC 또는 유동화증권에 대한 신용보강,대우건설
일반기업,대우건설,SPC 또는 유동화증권에 대한 신용보강,대우건설
일반기업,대우건설,SPC 또는 유동화증권에 대한 신용보강,대우건설
일반기업,대우건설,SPC 또는 유동화증권에 대한 신용보강,대우건설
일반기업,대우건설,SPC 또는 유동화증권에 대한 신용보강,대우건설
일반기업,대우건설,SPC 또는 유동화증권에 대한 신용보강,대우건설
일반기업,대우건설,SPC 또는 유동화증권에 대한 신용보강,대우건설
일반기업,대우건설,SPC 또는 유동화증권에 대한 신용보강,대우건설
일반기업,현대건설,SPC 또는 유동화증권에 대한 신용보강,현대건설
일반기업,현대건설,SPC 또는 유동화증권에 대한 신용보강,현대건설
일반기업,현대건설,SPC 또는 유동화증권에 대한 신용보강,현대건설
일반기업,현대건설,SPC 또는 유동화증권에 대한 신용보강,현대건설
일반기업,현대건설,SPC 또는 유동화증권에 대한 신용보강,현대건설
일반기업,현대건설,SPC 또는 유동화증권에 대한 신용보강,현대건설
일반기업,현대건설,SPC 또는 유동화증권에 대한 신용보강,현대건설
일반기업,현대건설,SPC 또는 유동화증권에 대한 신용보강,현대건설
일반기업,현대건설,SPC 또는 유동화증권에 대한 신용보강,현대건설
일반기업,현대건설,SPC 또는 유동화증권에 대한 신용보강,현대건설
일반기업,현대건설,SPC 또는 유동화증권에 대한 신용보강,현대건설
,음성군청,발행인 신용도,에스케이에코플랜트(주)
,음성군청,발행인 신용도,에스케이에코플랜트(주)
,음성군청,발행인 신용도,에스케이에코플랜트(주)
조회실패,조회실패,조회실패,조회실패
조회실패,조회실패,조회실패,조회실패
조회실패,조회실패,조회실패,조회실패
조회실패,조회실패,조회실패,조회실패
조회실패,조회실패,조회실패,조회실패
,완주군청,발행인 신용도,효성
,완주군청,발행인 신용도,효성
,완주군청,발행인 신용도,효성
,완주군청,발행인 신용도,효성
,완주군청,발행인 신용도,효성
금융기관,교보증권,SPC 또는 유동화증권에 대한 신용보강,영진종합건설(주)
금융기관,교보증권,SPC 또는 유동화증권에 대한 신용보강,영진종합건설(주)
금융기관,교보증권,SPC 또는 유동화증권에 대한 신용보강,영진종합건설(주)
금융기관,교보증권,SPC 또는 유동화증권에 대한 신용보강,영진종합건설(주)
금융기관,교보증권,SPC 또는 유동화증권에 대한 신용보강,영진종합건설(주)
금융기관,교보증권,SPC 또는 유동화증권에 대한 신용보강,영진종합건설(주)
금융기관,교보증권,SPC 또는 유동화증권에 대한 신용보강,영진종합건설(주)
금융기관,교보증권,SPC 또는 유동화증권에 대한 신용보강,영진종합건설(주)
금융기관,교보증권,SPC 또는 유동화증권에 대한 신용보강,영진종합건설(주)
금융기관,교보증권,SPC 또는 유동화증권에 대한 신용보강,영진종합건설(주)
일반기업,현대건설,SPC 또는 유동화증권에 대한 신용보강,현대건설
일반기업,현대건설,SPC 또는 유동화증권에 대한 신용보강,현대건설
일반기업,현대건설,SPC 또는 유동화증권에 대한 신용보강,현대건설
일반기업,현대건설,SPC 또는 유동화증권에 대한 신용보강,현대건설
일반기업,현대건설,SPC 또는 유동화증권에 대한 신용보강,현대건설
일반기업,현대건설,SPC 또는 유동화증권에 대한 신용보강,현대건설
일반기업,현대건설,SPC 또는 유동화증권에 대한 신용보강,현대건설
일반기업,현대건설,SPC 또는 유동화증권에 대한 신용보강,현대건설
일반기업,현대건설,SPC 또는 유동화증권에 대한 신용보강,현대건설
일반기업,현대건설,SPC 또는 유동화증권에 대한 신용보강,현대건설
일반기업,현대건설,SPC 또는 유동화증권에 대한 신용보강,현대건설
일반기업,현대건설,SPC 또는 유동화증권에 대한 신용보강,현대건설
일반기업,현대건설,SPC 또는 유동화증권에 대한 신용보강,현대건설
일반기업,현대건설,SPC 또는 유동화증권에 대한 신용보강,현대건설
일반기업,현대건설,SPC 또는 유동화증권에 대한 신용보강,현대건설
일반기업,현대건설,SPC 또는 유동화증권에 대한 신용보강,현대건설
일반기업,현대건설,SPC 또는 유동화증권에 대한 신용보강,현대건설
일반기업,현대건설,SPC 또는 유동화증권에 대한 신용보강,현대건설
일반기업,현대건설,SPC 또는 유동화증권에 대한 신용보강,현대건설
일반기업,현대건설,SPC 또는 유동화증권에 대한 신용보강,현대건설
일반기업,현대건설,SPC 또는 유동화증권에 대한 신용보강,현대건설
일반기업,현대건설,SPC 또는 유동화증권에 대한 신용보강,현대건설
일반기업,현대건설,SPC 또는 유동화증권에 대한 신용보강,현대건설
일반기업,현대건설,SPC 또는 유동화증권에 대한 신용보강,현대건설
일반기업,현대건설,SPC 또는 유동화증권에 대한 신용보강,현대건설
일반기업,현대건설,SPC 또는 유동화증권에 대한 신용보강,현대건설
일반기업,현대건설,SPC 또는 유동화증권에 대한 신용보강,현대건설
일반기업,현대건설,SPC 또는 유동화증권에 대한 신용보강,현대건설
일반기업,현대건설,SPC 또는 유동화증권에 대한 신용보강,현대건설
일반기업,현대건설,SPC 또는 유동화증권에 대한 신용보강,현대건설
일반기업,현대건설,SPC 또는 유동화증권에 대한 신용보강,현대건설
일반기업,현대건설,SPC 또는 유동화증권에 대한 신용보강,현대건설
일반기업,제일건설,유동화증권 매입보장,제일건설
일반기업,제일건설,유동화증권 매입보장,제일건설
일반기업,제일건설,유동화증권 매입보장,제일건설
일반기업,제일건설,유동화증권 매입보장,제일건설
일반기업,현대건설,SPC 또는 유동화증권에 대한 신용보강,현대건설
일반기업,현대건설,SPC 또는 유동화증권에 대한 신용보강,현대건설
일반기업,현대건설,SPC 또는 유동화증권에 대한 신용보강,현대건설
일반기업,현대건설,SPC 또는 유동화증권에 대한 신용보강,현대건설
일반기업,현대건설,SPC 또는 유동화증권에 대한 신용보강,현대건설
일반기업,현대건설,SPC 또는 유동화증권에 대한 신용보강,현대건설
일반기업,현대건설,SPC 또는 유동화증권에 대한 신용보강,현대건설
일반기업,현대건설,SPC 또는 유동화증권에 대한 신용보강,현대건설
일반기업,현대건설,SPC 또는 유동화증권에 대한 신용보강,현대건설
일반기업,현대건설,SPC 또는 유동화증권에 대한 신용보강,현대건설
일반기업,현대건설,SPC 또는 유동화증권에 대한 신용보강,현대건설
일반기업,현대건설,SPC 또는 유동화증권에 대한 신용보강,현대건설
일반기업,현대건설,SPC 또는 유동화증권에 대한 신용보강,현대건설
일반기업,현대건설,SPC 또는 유동화증권에 대한 신용보강,현대건설
일반기업,현대건설,SPC 또는 유동화증권에 대한 신용보강,현대건설
일반기업,현대건설,SPC 또는 유동화증권에 대한 신용보강,현대건설
일반기업,현대건설,SPC 또는 유동화증권에 대한 신용보강,현대건설
일반기업,현대건설,SPC 또는 유동화증권에 대한 신용보강,현대건설
일반기업,현대건설,SPC 또는 유동화증권에 대한 신용보강,현대건설
일반기업,현대건설,SPC 또는 유동화증권에 대한 신용보강,현대건설
일반기업,현대건설,SPC 또는 유동화증권에 대한 신용보강,현대건설
일반기업,현대건설,SPC 또는 유동화증권에 대한 신용보강,현대건설
일반기업,현대건설,SPC 또는 유동화증권에 대한 신용보강,현대건설
일반기업,현대건설,SPC 또는 유동화증권에 대한 신용보강,현대건설
일반기업,현대건설,SPC 또는 유동화증권에 대한 신용보강,현대건설
일반기업,현대건설,SPC 또는 유동화증권에 대한 신용보강,현대건설
일반기업,현대건설,SPC 또는 유동화증권에 대한 신용보강,현대건설
일반기업,현대건설,SPC 또는 유동화증권에 대한 신용보강,현대건설
일반기업,현대건설,SPC 또는 유동화증권에 대한 신용보강,현대건설
금융기관,교보증권,SPC 또는 유동화증권에 대한 신용보강,지에스건설
일반기업,롯데건설,SPC 또는 유동화증권에 대한 신용보강,롯데건설
일반기업,롯데건설,SPC 또는 유동화증권에 대한 신용보강,롯데건설
일반기업,롯데건설,SPC 또는 유동화증권에 대한 신용보강,롯데건설
일반기업,롯데건설,SPC 또는 유동화증권에 대한 신용보강,롯데건설
일반기업,롯데건설,SPC 또는 유동화증권에 대한 신용보강,롯데건설
일반기업,현대건설,SPC 또는 유동화증권에 대한 신용보강,현대건설
일반기업,현대건설,SPC 또는 유동화증권에 대한 신용보강,현대건설
일반기업,현대건설,SPC 또는 유동화증권에 대한 신용보강,현대건설
일반기업,현대건설,SPC 또는 유동화증권에 대한 신용보강,현대건설
일반기업,현대건설,SPC 또는 유동화증권에 대한 신용보강,현대건설
일반기업,현대건설,SPC 또는 유동화증권에 대한 신용보강,현대건설
일반기업,현대건설,SPC 또는 유동화증권에 대한 신용보강,현대건설
일반기업,현대건설,SPC 또는 유동화증권에 대한 신용보강,현대건설
일반기업,현대건설,SPC 또는 유동화증권에 대한 신용보강,현대건설
금융기관,교보증권,SPC 또는 유동화증권에 대한 신용보강,디엘건설(주)
금융기관,교보증권,SPC 또는 유동화증권에 대한 신용보강,디엘건설(주)
금융기관,한국투자증권,SPC 또는 유동화증권에 대한 신용보강,대우건설
금융기관,한국투자증권,SPC 또는 유동화증권에 대한 신용보강,대우건설
금융기관,한국투자증권,SPC 또는 유동화증권에 대한 신용보강,대우건설
금융기관,키움증권,SPC 또는 유동화증권에 대한 신용보강,대우건설
금융기관,키움증권,SPC 또는 유동화증권에 대한 신용보강,대우건설
금융기관,키움증권,SPC 또는 유동화증권에 대한 신용보강,대우건설
금융기관,키움증권,SPC 또는 유동화증권에 대한 신용보강,대우건설
금융기관,키움증권,SPC 또는 유동화증권에 대한 신용보강,대우건설
금융기관,키움증권,SPC 또는 유동화증권에 대한 신용보강,대우건설
금융기관,키움증권,SPC 또는 유동화증권에 대한 신용보강,대우건설
금융기관,키움증권,SPC 또는 유동화증권에 대한 신용보강,대우건설
금융기관,키움증권,SPC 또는 유동화증권에 대한 신용보강,대우건설
금융기관,키움증권,SPC 또는 유동화증권에 대한 신용보강,대우건설
금융기관,키움증권,SPC 또는 유동화증권에 대한 신용보강,대우건설
금융기관,키움증권,SPC 또는 유동화증권에 대한 신용보강,대우건설
금융기관,키움증권,SPC 또는 유동화증권에 대한 신용보강,대우건설
금융기관,키움증권,SPC 또는 유동화증권에 대한 신용보강,대우건설
금융기관,키움증권,SPC 또는 유동화증권에 대한 신용보강,대우건설
금융기관,한국투자증권,유동화증권 매입보장,한신공영
금융기관,한국투자증권,유동화증권 매입보장,한신공영
금융기관,한국투자증권,유동화증권 매입보장,한신공영
금융기관,한국투자증권,유동화증권 매입보장,한신공영
금융기관,한국투자증권,유동화증권 매입보장,한신공영
금융기관,메리츠증권,SPC 또는 유동화증권에 대한 신용보강,현대엔지니어링
금융기관,메리츠증권,SPC 또는 유동화증권에 대한 신용보강,현대엔지니어링
금융기관,메리츠증권,SPC 또는 유동화증권에 대한 신용보강,현대엔지니어링
금융기관,메리츠증권,SPC 또는 유동화증권에 대한 신용보강,현대엔지니어링
,디엘이앤씨 주식회사,채무자 신용도,디엘이앤씨 주식회사
,디엘이앤씨 주식회사,채무자 신용도,디엘이앤씨 주식회사
,디엘이앤씨 주식회사,채무자 신용도,디엘이앤씨 주식회사
,디엘이앤씨 주식회사,채무자 신용도,디엘이앤씨 주식회사
,디엘이앤씨 주식회사,채무자 신용도,디엘이앤씨 주식회사
일반기업,현대건설,SPC 또는 유동화증권에 대한 신용보강,현대건설
일반기업,중흥건설,SPC 또는 유동화증권에 대한 신용보강,중흥건설
일반기업,중흥건설,SPC 또는 유동화증권에 대한 신용보강,중흥건설
일반기업,중흥건설,SPC 또는 유동화증권에 대한 신용보강,중흥건설
금융기관,메리츠증권,SPC 또는 유동화증권에 대한 신용보강,(주)포스코이앤씨
금융기관,메리츠증권,SPC 또는 유동화증권에 대한 신용보강,(주)포스코이앤씨
금융기관,메리츠증권,SPC 또는 유동화증권에 대한 신용보강,(주)포스코이앤씨
금융기관,메리츠증권,SPC 또는 유동화증권에 대한 신용보강,(주)포스코이앤씨
금융기관,메리츠증권,SPC 또는 유동화증권에 대한 신용보강,(주)포스코이앤씨
금융기관,메리츠증권,SPC 또는 유동화증권에 대한 신용보강,(주)포스코이앤씨
금융기관,메리츠증권,SPC 또는 유동화증권에 대한 신용보강,(주)포스코이앤씨
금융기관,메리츠증권,SPC 또는 유동화증권에 대한 신용보강,(주)포스코이앤씨
금융기관,메리츠증권,SPC 또는 유동화증권에 대한 신용보강,(주)포스코이앤씨
금융기관,메리츠증권,SPC 또는 유동화증권에 대한 신용보강,(주)포스코이앤씨
금융기관,메리츠증권,SPC 또는 유동화증권에 대한 신용보강,(주)포스코이앤씨
금융기관,메리츠증권,SPC 또는 유동화증권에 대한 신용보강,(주)포스코이앤씨
금융기관,메리츠증권,SPC 또는 유동화증권에 대한 신용보강,(주)포스코이앤씨
금융기관,메리츠증권,SPC 또는 유동화증권에 대한 신용보강,(주)포스코이앤씨
금융기관,메리츠증권,SPC 또는 유동화증권에 대한 신용보강,(주)포스코이앤씨
금융기관,메리츠증권,SPC 또는 유동화증권에 대한 신용보강,(주)포스코이앤씨
금융기관,메리츠증권,SPC 또는 유동화증권에 대한 신용보강,(주)포스코이앤씨
금융기관,메리츠증권,SPC 또는 유동화증권에 대한 신용보강,(주)포스코이앤씨
금융기관,메리츠증권,SPC 또는 유동화증권에 대한 신용보강,(주)포스코이앤씨
금융기관,메리츠증권,SPC 또는 유동화증권에 대한 신용보강,(주)포스코이앤씨
금융기관,메리츠증권,SPC 또는 유동화증권에 대한 신용보강,(주)포스코이앤씨
금융기관,교보증권,SPC 또는 유동화증권에 대한 신용보강,해당없음
금융기관,교보증권,SPC 또는 유동화증권에 대한 신용보강,해당없음
금융기관,교보증권,SPC 또는 유동화증권에 대한 신용보강,해당없음
금융기관,교보증권,SPC 또는 유동화증권에 대한 신용보강,해당없음
금융기관,교보증권,SPC 또는 유동화증권에 대한 신용보강,해당없음
금융기관,교보증권,SPC 또는 유동화증권에 대한 신용보강,해당없음
금융기관,교보증권,SPC 또는 유동화증권에 대한 신용보강,해당없음
금융기관,교보증권,SPC 또는 유동화증권에 대한 신용보강,해당없음
금융기관,교보증권,SPC 또는 유동화증권에 대한 신용보강,해당없음
금융기관,교보증권,SPC 또는 유동화증권에 대한 신용보강,해당없음
금융기관,교보증권,SPC 또는 유동화증권에 대한 신용보강,해당없음
금융기관,교보증권,SPC 또는 유동화증권에 대한 신용보강,해당없음
금융기관,교보증권,SPC 또는 유동화증권에 대한 신용보강,해당없음
금융기관,교보증권,SPC 또는 유동화증권에 대한 신용보강,해당없음
금융기관,교보증권,SPC 또는 유동화증권에 대한 신용보강,해당없음
금융기관,교보증권,SPC 또는 유동화증권에 대한 신용보강,해당없음
금융기관,교보증권,SPC 또는 유동화증권에 대한 신용보강,해당없음
금융기관,교보증권,SPC 또는 유동화증권에 대한 신용보강,해당없음
금융기관,교보증권,SPC 또는 유동화증권에 대한 신용보강,해당없음
금융기관,교보증권,SPC 또는 유동화증권에 대한 신용보강,해당없음
금융기관,교보증권,SPC 또는 유동화증권에 대한 신용보강,해당없음
금융기관,교보증권,SPC 또는 유동화증권에 대한 신용보강,해당없음
금융기관,교보증권,SPC 또는 유동화증권에 대한 신용보강,해당없음
금융기관,대신증권,SPC 또는 유동화증권에 대한 신용보강,현대엔지니어링
금융기관,대신증권,SPC 또는 유동화증권에 대한 신용보강,현대엔지니어링
금융기관,대신증권,SPC 또는 유동화증권에 대한 신용보강,현대엔지니어링
금융기관,대신증권,SPC 또는 유동화증권에 대한 신용보강,현대엔지니어링
금융기관,메리츠증권,SPC 또는 유동화증권에 대한 신용보강,해당없음
금융기관,메리츠증권,SPC 또는 유동화증권에 대한 신용보강,해당없음
금융기관,메리츠증권,SPC 또는 유동화증권에 대한 신용보강,해당없음
금융기관,메리츠증권,SPC 또는 유동화증권에 대한 신용보강,해당없음
금융기관,대신증권,SPC 또는 유동화증권에 대한 신용보강,현대건설
금융기관,대신증권,SPC 또는 유동화증권에 대한 신용보강,현대건설
금융기관,대신증권,SPC 또는 유동화증권에 대한 신용보강,현대건설
금융기관,대신증권,SPC 또는 유동화증권에 대한 신용보강,현대건설
금융기관,메리츠증권,SPC 또는 유동화증권에 대한 신용보강,롯데건설
금융기관,메리츠증권,SPC 또는 유동화증권에 대한 신용보강,롯데건설
금융기관,메리츠증권,SPC 또는 유동화증권에 대한 신용보강,롯데건설
금융기관,메리츠증권,SPC 또는 유동화증권에 대한 신용보강,롯데건설
금융기관,메리츠증권,SPC 또는 유동화증권에 대한 신용보강,롯데건설
금융기관,메리츠증권,SPC 또는 유동화증권에 대한 신용보강,롯데건설
금융기관,메리츠증권,SPC 또는 유동화증권에 대한 신용보강,롯데건설
금융기관,메리츠증권,SPC 또는 유동화증권에 대한 신용보강,롯데건설
금융기관,메리츠증권,SPC 또는 유동화증권에 대한 신용보강,롯데건설
금융기관,메리츠증권,SPC 또는 유동화증권에 대한 신용보강,롯데건설
금융기관,메리츠증권,SPC 또는 유동화증권에 대한 신용보강,롯데건설
금융기관,메리츠증권,SPC 또는 유동화증권에 대한 신용보강,롯데건설
금융기관,메리츠증권,SPC 또는 유동화증권에 대한 신용보강,롯데건설
금융기관,메리츠증권,SPC 또는 유동화증권에 대한 신용보강,롯데건설
금융기관,메리츠증권,SPC 또는 유동화증권에 대한 신용보강,롯데건설
금융기관,메리츠증권,SPC 또는 유동화증권에 대한 신용보강,롯데건설
금융기관,메리츠증권,SPC 또는 유동화증권에 대한 신용보강,롯데건설
금융기관,메리츠증권,SPC 또는 유동화증권에 대한 신용보강,롯데건설
금융기관,메리츠증권,SPC 또는 유동화증권에 대한 신용보강,롯데건설
금융기관,메리츠증권,SPC 또는 유동화증권에 대한 신용보강,롯데건설
금융기관,메리츠증권,SPC 또는 유동화증권에 대한 신용보강,롯데건설
금융기관,메리츠증권,SPC 또는 유동화증권에 대한 신용보강,롯데건설
금융기관,메리츠증권,SPC 또는 유동화증권에 대한 신용보강,(주)포스코이앤씨
금융기관,메리츠증권,SPC 또는 유동화증권에 대한 신용보강,(주)포스코이앤씨
금융기관,메리츠증권,SPC 또는 유동화증권에 대한 신용보강,(주)포스코이앤씨
금융기관,메리츠증권,SPC 또는 유동화증권에 대한 신용보강,(주)포스코이앤씨
일반기업,지에스건설,SPC 또는 유동화증권에 대한 신용보강,지에스건설
일반기업,지에스건설,SPC 또는 유동화증권에 대한 신용보강,지에스건설
일반기업,지에스건설,SPC 또는 유동화증권에 대한 신용보강,지에스건설
일반기업,지에스건설,SPC 또는 유동화증권에 대한 신용보강,지에스건설
일반기업,지에스건설,SPC 또는 유동화증권에 대한 신용보강,지에스건설
일반기업,지에스건설,SPC 또는 유동화증권에 대한 신용보강,지에스건설
일반기업,지에스건설,SPC 또는 유동화증권에 대한 신용보강,지에스건설
일반기업,지에스건설,SPC 또는 유동화증권에 대한 신용보강,지에스건설
일반기업,지에스건설,SPC 또는 유동화증권에 대한 신용보강,지에스건설
금융기관,메리츠증권,SPC 또는 유동화증권에 대한 신용보강,롯데건설
금융기관,메리츠증권,SPC 또는 유동화증권에 대한 신용보강,롯데건설
금융기관,메리츠증권,SPC 또는 유동화증권에 대한 신용보강,롯데건설
금융기관,메리츠증권,SPC 또는 유동화증권에 대한 신용보강,롯데건설
금융기관,메리츠증권,SPC 또는 유동화증권에 대한 신용보강,롯데건설
금융기관,메리츠증권,SPC 또는 유동화증권에 대한 신용보강,롯데건설
,경상북도 안동시,발행인 신용도,현대엔지니어링
,경상북도 안동시,발행인 신용도,현대엔지니어링
,경상북도 안동시,발행인 신용도,현대엔지니어링
,경상북도 안동시,발행인 신용도,현대엔지니어링
,경상북도 안동시,발행인 신용도,현대엔지니어링
,경상북도 안동시,발행인 신용도,현대엔지니어링
,경상북도 안동시,발행인 신용도,현대엔지니어링
,경상북도 안동시,발행인 신용도,현대엔지니어링
일반기업,현대엔지니어링,SPC 또는 유동화증권에 대한 신용보강,현대엔지니어링
공공기관,청도공영사업공사,유동화증권 매입보장,해당없음
공공기관,청도공영사업공사,유동화증권 매입보장,해당없음
공공기관,청도공영사업공사,유동화증권 매입보장,해당없음
공공기관,청도공영사업공사,유동화증권 매입보장,해당없음
일반기업,현대건설,SPC 또는 유동화증권에 대한 신용보강,현대건설
일반기업,현대건설,SPC 또는 유동화증권에 대한 신용보강,현대건설
일반기업,현대건설,SPC 또는 유동화증권에 대한 신용보강,현대건설
일반기업,현대건설,SPC 또는 유동화증권에 대한 신용보강,현대건설
일반기업,현대건설,SPC 또는 유동화증권에 대한 신용보강,현대건설
일반기업,현대건설,SPC 또는 유동화증권에 대한 신용보강,현대건설
일반기업,현대건설,SPC 또는 유동화증권에 대한 신용보강,현대건설
일반기업,현대건설,SPC 또는 유동화증권에 대한 신용보강,현대건설
일반기업,현대건설,SPC 또는 유동화증권에 대한 신용보강,현대건설
일반기업,현대건설,SPC 또는 유동화증권에 대한 신용보강,현대건설
일반기업,현대건설,SPC 또는 유동화증권에 대한 신용보강,현대건설
일반기업,현대건설,SPC 또는 유동화증권에 대한 신용보강,현대건설
일반기업,현대건설,SPC 또는 유동화증권에 대한 신용보강,현대건설
일반기업,현대건설,SPC 또는 유동화증권에 대한 신용보강,현대건설
일반기업,현대건설,SPC 또는 유동화증권에 대한 신용보강,현대건설
일반기업,현대건설,SPC 또는 유동화증권에 대한 신용보강,현대건설
일반기업,현대건설,SPC 또는 유동화증권에 대한 신용보강,현대건설
일반기업,현대건설,SPC 또는 유동화증권에 대한 신용보강,현대건설
일반기업,현대건설,SPC 또는 유동화증권에 대한 신용보강,현대건설
일반기업,현대건설,SPC 또는 유동화증권에 대한 신용보강,현대건설
일반기업,현대건설,SPC 또는 유동화증권에 대한 신용보강,현대건설
일반기업,현대건설,SPC 또는 유동화증권에 대한 신용보강,현대건설
일반기업,현대건설,SPC 또는 유동화증권에 대한 신용보강,현대건설
금융기관,대신증권,유동화증권 매입보장,해당없음
금융기관,대신증권,유동화증권 매입보장,해당없음
금융기관,대신증권,유동화증권 매입보장,해당없음
금융기관,대신증권,유동화증권 매입보장,해당없음
일반기업,현대건설,SPC 또는 유동화증권에 대한 신용보강,현대건설
일반기업,현대건설,SPC 또는 유동화증권에 대한 신용보강,현대건설
일반기업,현대건설,SPC 또는 유동화증권에 대한 신용보강,현대건설
일반기업,현대건설,SPC 또는 유동화증권에 대한 신용보강,현대건설
일반기업,에이치엘디앤아이한라(주),SPC 또는 유동화증권에 대한 신용보강,에이치엘디앤아이한라(주)
일반기업,에이치엘디앤아이한라(주),SPC 또는 유동화증권에 대한 신용보강,에이치엘디앤아이한라(주)
일반기업,에이치엘디앤아이한라(주),SPC 또는 유동화증권에 대한 신용보강,에이치엘디앤아이한라(주)
일반기업,에이치엘디앤아이한라(주),SPC 또는 유동화증권에 대한 신용보강,에이치엘디앤아이한라(주)
일반기업,에이치엘디앤아이한라(주),SPC 또는 유동화증권에 대한 신용보강,에이치엘디앤아이한라(주)
일반기업,에이치엘디앤아이한라(주),SPC 또는 유동화증권에 대한 신용보강,에이치엘디앤아이한라(주)
일반기업,에이치엘디앤아이한라(주),SPC 또는 유동화증권에 대한 신용보강,에이치엘디앤아이한라(주)
일반기업,에이치엘디앤아이한라(주),SPC 또는 유동화증권에 대한 신용보강,에이치엘디앤아이한라(주)
일반기업,에이치엘디앤아이한라(주),SPC 또는 유동화증권에 대한 신용보강,에이치엘디앤아이한라(주)
일반기업,에이치엘디앤아이한라(주),SPC 또는 유동화증권에 대한 신용보강,에이치엘디앤아이한라(주)
일반기업,에이치엘디앤아이한라(주),SPC 또는 유동화증권에 대한 신용보강,에이치엘디앤아이한라(주)
일반기업,에이치엘디앤아이한라(주),SPC 또는 유동화증권에 대한 신용보강,에이치엘디앤아이한라(주)
일반기업,에이치엘디앤아이한라(주),SPC 또는 유동화증권에 대한 신용보강,에이치엘디앤아이한라(주)
일반기업,에이치엘디앤아이한라(주),SPC 또는 유동화증권에 대한 신용보강,에이치엘디앤아이한라(주)
일반기업,에이치엘디앤아이한라(주),SPC 또는 유동화증권에 대한 신용보강,에이치엘디앤아이한라(주)
일반기업,에이치엘디앤아이한라(주),SPC 또는 유동화증권에 대한 신용보강,에이치엘디앤아이한라(주)
일반기업,에이치엘디앤아이한라(주),SPC 또는 유동화증권에 대한 신용보강,에이치엘디앤아이한라(주)
일반기업,에이치엘디앤아이한라(주),SPC 또는 유동화증권에 대한 신용보강,에이치엘디앤아이한라(주)
일반기업,에이치엘디앤아이한라(주),SPC 또는 유동화증권에 대한 신용보강,에이치엘디앤아이한라(주)
일반기업,에이치엘디앤아이한라(주),SPC 또는 유동화증권에 대한 신용보강,에이치엘디앤아이한라(주)
일반기업,에이치엘디앤아이한라(주),SPC 또는 유동화증권에 대한 신용보강,에이치엘디앤아이한라(주)
일반기업,에이치엘디앤아이한라(주),SPC 또는 유동화증권에 대한 신용보강,에이치엘디앤아이한라(주)
일반기업,에이치엘디앤아이한라(주),SPC 또는 유동화증권에 대한 신용보강,에이치엘디앤아이한라(주)
일반기업,에이치엘디앤아이한라(주),SPC 또는 유동화증권에 대한 신용보강,에이치엘디앤아이한라(주)
일반기업,에이치엘디앤아이한라(주),SPC 또는 유동화증권에 대한 신용보강,에이치엘디앤아이한라(주)
일반기업,에이치엘디앤아이한라(주),SPC 또는 유동화증권에 대한 신용보강,에이치엘디앤아이한라(주)
일반기업,에이치엘디앤아이한라(주),SPC 또는 유동화증권에 대한 신용보강,에이치엘디앤아이한라(주)
일반기업,에이치엘디앤아이한라(주),SPC 또는 유동화증권에 대한 신용보강,에이치엘디앤아이한라(주)
일반기업,에이치엘디앤아이한라(주),SPC 또는 유동화증권에 대한 신용보강,에이치엘디앤아이한라(주)
일반기업,에이치엘디앤아이한라(주),SPC 또는 유동화증권에 대한 신용보강,에이치엘디앤아이한라(주)
일반기업,에이치엘디앤아이한라(주),SPC 또는 유동화증권에 대한 신용보강,에이치엘디앤아이한라(주)
일반기업,에이치엘디앤아이한라(주),SPC 또는 유동화증권에 대한 신용보강,에이치엘디앤아이한라(주)
일반기업,에이치엘디앤아이한라(주),SPC 또는 유동화증권에 대한 신용보강,에이치엘디앤아이한라(주)
일반기업,에이치엘디앤아이한라(주),SPC 또는 유동화증권에 대한 신용보강,에이치엘디앤아이한라(주)
일반기업,에이치엘디앤아이한라(주),SPC 또는 유동화증권에 대한 신용보강,에이치엘디앤아이한라(주)
일반기업,에이치엘디앤아이한라(주),SPC 또는 유동화증권에 대한 신용보강,에이치엘디앤아이한라(주)
일반기업,에이치엘디앤아이한라(주),SPC 또는 유동화증권에 대한 신용보강,에이치엘디앤아이한라(주)
일반기업,에이치엘디앤아이한라(주),SPC 또는 유동화증권에 대한 신용보강,에이치엘디앤아이한라(주)
일반기업,에이치엘디앤아이한라(주),SPC 또는 유동화증권에 대한 신용보강,에이치엘디앤아이한라(주)
일반기업,에이치엘디앤아이한라(주),SPC 또는 유동화증권에 대한 신용보강,에이치엘디앤아이한라(주)
일반기업,에이치엘디앤아이한라(주),SPC 또는 유동화증권에 대한 신용보강,에이치엘디앤아이한라(주)
일반기업,에이치엘디앤아이한라(주),SPC 또는 유동화증권에 대한 신용보강,에이치엘디앤아이한라(주)
일반기업,에이치엘디앤아이한라(주),SPC 또는 유동화증권에 대한 신용보강,에이치엘디앤아이한라(주)
일반기업,에이치엘디앤아이한라(주),SPC 또는 유동화증권에 대한 신용보강,에이치엘디앤아이한라(주)
일반기업,에이치엘디앤아이한라(주),SPC 또는 유동화증권에 대한 신용보강,에이치엘디앤아이한라(주)
일반기업,현대건설,SPC 또는 유동화증권에 대한 신용보강,현대건설
일반기업,현대건설,SPC 또는 유동화증권에 대한 신용보강,현대건설
,완주군청,발행인 신용도,효성
,완주군청,발행인 신용도,효성
,완주군청,발행인 신용도,효성
,완주군청,발행인 신용도,효성
,완주군청,발행인 신용도,효성
,완주군청,발행인 신용도,효성
,완주군청,발행인 신용도,효성
,완주군청,발행인 신용도,효성
,완주군청,발행인 신용도,효성
,완주군청,발행인 신용도,효성
,완주군청,발행인 신용도,효성
,완주군청,발행인 신용도,효성
,완주군청,발행인 신용도,효성
,완주군청,발행인 신용도,효성
,완주군청,발행인 신용도,효성
,완주군청,발행인 신용도,효성
,완주군청,발행인 신용도,효성
,완주군청,발행인 신용도,효성
일반기업,현대건설,SPC 또는 유동화증권에 대한 신용보강,현대건설
일반기업,현대건설,SPC 또는 유동화증권에 대한 신용보강,현대건설
일반기업,현대건설,SPC 또는 유동화증권에 대한 신용보강,현대건설
일반기업,현대건설,SPC 또는 유동화증권에 대한 신용보강,현대건설
일반기업,현대건설,SPC 또는 유동화증권에 대한 신용보강,현대건설
일반기업,현대건설,SPC 또는 유동화증권에 대한 신용보강,현대건설
일반기업,현대건설,SPC 또는 유동화증권에 대한 신용보강,현대건설
일반기업,현대건설,SPC 또는 유동화증권에 대한 신용보강,현대건설
일반기업,현대건설,SPC 또는 유동화증권에 대한 신용보강,현대건설
일반기업,현대건설,SPC 또는 유동화증권에 대한 신용보강,현대건설
일반기업,현대건설,SPC 또는 유동화증권에 대한 신용보강,현대건설
일반기업,현대건설,SPC 또는 유동화증권에 대한 신용보강,현대건설
일반기업,현대건설,SPC 또는 유동화증권에 대한 신용보강,현대건설
일반기업,한화,SPC 또는 유동화증권에 대한 신용보강,한화
일반기업,한화,SPC 또는 유동화증권에 대한 신용보강,한화
일반기업,한화,SPC 또는 유동화증권에 대한 신용보강,한화
일반기업,한화,SPC 또는 유동화증권에 대한 신용보강,한화
일반기업,한화,SPC 또는 유동화증권에 대한 신용보강,한화
일반기업,한화,SPC 또는 유동화증권에 대한 신용보강,한화
일반기업,한화,SPC 또는 유동화증권에 대한 신용보강,한화
일반기업,한화,SPC 또는 유동화증권에 대한 신용보강,한화
일반기업,한화,SPC 또는 유동화증권에 대한 신용보강,한화
일반기업,한화,SPC 또는 유동화증권에 대한 신용보강,한화
일반기업,한화,SPC 또는 유동화증권에 대한 신용보강,한화
일반기업,한화,SPC 또는 유동화증권에 대한 신용보강,한화
일반기업,한화,SPC 또는 유동화증권에 대한 신용보강,한화
일반기업,한화,SPC 또는 유동화증권에 대한 신용보강,한화
일반기업,한화,SPC 또는 유동화증권에 대한 신용보강,한화
일반기업,한화,SPC 또는 유동화증권에 대한 신용보강,한화
일반기업,한화,SPC 또는 유동화증권에 대한 신용보강,한화
일반기업,한화,SPC 또는 유동화증권에 대한 신용보강,한화
일반기업,한화,SPC 또는 유동화증권에 대한 신용보강,한화
일반기업,한화,SPC 또는 유동화증권에 대한 신용보강,한화
일반기업,한화,SPC 또는 유동화증권에 대한 신용보강,한화
일반기업,한화,SPC 또는 유동화증권에 대한 신용보강,한화
일반기업,한화,SPC 또는 유동화증권에 대한 신용보강,한화
일반기업,한화,SPC 또는 유동화증권에 대한 신용보강,한화
일반기업,한화,SPC 또는 유동화증권에 대한 신용보강,한화
일반기업,한화,SPC 또는 유동화증권에 대한 신용보강,한화
일반기업,한화,SPC 또는 유동화증권에 대한 신용보강,한화
일반기업,한화,SPC 또는 유동화증권에 대한 신용보강,한화
일반기업,한화,SPC 또는 유동화증권에 대한 신용보강,한화
일반기업,한화,SPC 또는 유동화증권에 대한 신용보강,한화
일반기업,한화,SPC 또는 유동화증권에 대한 신용보강,한화
일반기업,한화,SPC 또는 유동화증권에 대한 신용보강,한화
일반기업,한화,SPC 또는 유동화증권에 대한 신용보강,한화
일반기업,한화,SPC 또는 유동화증권에 대한 신용보강,한화
일반기업,한화,SPC 또는 유동화증권에 대한 신용보강,한화
일반기업,한화,SPC 또는 유동화증권에 대한 신용보강,한화
일반기업,한화,SPC 또는 유동화증권에 대한 신용보강,한화
일반기업,한화,SPC 또는 유동화증권에 대한 신용보강,한화
일반기업,한화,SPC 또는 유동화증권에 대한 신용보강,한화
일반기업,한화,SPC 또는 유동화증권에 대한 신용보강,한화
일반기업,한화,SPC 또는 유동화증권에 대한 신용보강,한화
일반기업,한화,SPC 또는 유동화증권에 대한 신용보강,한화
일반기업,한화,SPC 또는 유동화증권에 대한 신용보강,한화
일반기업,한화,SPC 또는 유동화증권에 대한 신용보강,한화
일반기업,한화,SPC 또는 유동화증권에 대한 신용보강,한화
일반기업,한화,SPC 또는 유동화증권에 대한 신용보강,한화
일반기업,한화,SPC 또는 유동화증권에 대한 신용보강,한화
일반기업,한화,SPC 또는 유동화증권에 대한 신용보강,한화
일반기업,한화,SPC 또는 유동화증권에 대한 신용보강,한화
,경산시청,유동화증권 매입보장,대우건설
,경산시청,유동화증권 매입보장,대우건설
,경산시청,유동화증권 매입보장,대우건설
,경산시청,유동화증권 매입보장,대우건설
,경산시청,유동화증권 매입보장,대우건설
,경산시청,유동화증권 매입보장,대우건설
,경산시청,유동화증권 매입보장,대우건설
,경산시청,유동화증권 매입보장,대우건설
,경산시청,유동화증권 매입보장,대우건설
,경산시청,유동화증권 매입보장,대우건설
,경산시청,유동화증권 매입보장,대우건설
,경산시청,유동화증권 매입보장,대우건설
,경산시청,유동화증권 매입보장,대우건설
,경산시청,유동화증권 매입보장,대우건설
,경산시청,유동화증권 매입보장,대우건설
,경산시청,유동화증권 매입보장,대우건설
,경산시청,유동화증권 매입보장,대우건설
,경산시청,유동화증권 매입보장,대우건설
,경산시청,유동화증권 매입보장,대우건설
,경산시청,유동화증권 매입보장,대우건설
,경산시청,유동화증권 매입보장,대우건설
,경산시청,유동화증권 매입보장,대우건설
,경산시청,유동화증권 매입보장,대우건설
,경산시청,유동화증권 매입보장,대우건설
,경산시청,유동화증권 매입보장,대우건설
,경산시청,유동화증권 매입보장,대우건설
,경산시청,유동화증권 매입보장,대우건설
,경산시청,유동화증권 매입보장,대우건설
,경산시청,유동화증권 매입보장,대우건설
,경산시청,유동화증권 매입보장,대우건설
,경산시청,유동화증권 매입보장,대우건설
,경산시청,유동화증권 매입보장,대우건설
,경산시청,유동화증권 매입보장,대우건설
,경산시청,유동화증권 매입보장,대우건설
,경산시청,유동화증권 매입보장,대우건설
,경산시청,유동화증권 매입보장,대우건설
,경산시청,유동화증권 매입보장,대우건설
,경산시청,유동화증권 매입보장,대우건설
,경산시청,유동화증권 매입보장,대우건설
,경산시청,유동화증권 매입보장,대우건설
,경산시청,유동화증권 매입보장,대우건설
,경산시청,유동화증권 매입보장,대우건설
,경산시청,유동화증권 매입보장,대우건설
,경산시청,유동화증권 매입보장,대우건설
금융기관,대신증권,SPC 또는 유동화증권에 대한 신용보강,현대엔지니어링
금융기관,메리츠증권,SPC 또는 유동화증권에 대한 신용보강,(주)포스코이앤씨
금융기관,메리츠증권,SPC 또는 유동화증권에 대한 신용보강,(주)포스코이앤씨
금융기관,메리츠증권,SPC 또는 유동화증권에 대한 신용보강,(주)포스코이앤씨
금융기관,메리츠증권,SPC 또는 유동화증권에 대한 신용보강,(주)포스코이앤씨
금융기관,메리츠증권,SPC 또는 유동화증권에 대한 신용보강,(주)포스코이앤씨
금융기관,메리츠증권,SPC 또는 유동화증권에 대한 신용보강,(주)포스코이앤씨
금융기관,메리츠증권,SPC 또는 유동화증권에 대한 신용보강,(주)포스코이앤씨
금융기관,메리츠증권,SPC 또는 유동화증권에 대한 신용보강,(주)포스코이앤씨
금융기관,메리츠증권,SPC 또는 유동화증권에 대한 신용보강,(주)포스코이앤씨
금융기관,메리츠증권,SPC 또는 유동화증권에 대한 신용보강,(주)포스코이앤씨
금융기관,한국투자증권,SPC 또는 유동화증권에 대한 신용보강,해당없음
일반기업,디엘이앤씨 주식회사,SPC 또는 유동화증권에 대한 신용보강,디엘이앤씨 주식회사
일반기업,디엘이앤씨 주식회사,SPC 또는 유동화증권에 대한 신용보강,디엘이앤씨 주식회사
일반기업,디엘이앤씨 주식회사,SPC 또는 유동화증권에 대한 신용보강,디엘이앤씨 주식회사
일반기업,디엘이앤씨 주식회사,SPC 또는 유동화증권에 대한 신용보강,디엘이앤씨 주식회사
일반기업,디엘이앤씨 주식회사,SPC 또는 유동화증권에 대한 신용보강,디엘이앤씨 주식회사
일반기업,디엘이앤씨 주식회사,SPC 또는 유동화증권에 대한 신용보강,디엘이앤씨 주식회사
일반기업,디엘이앤씨 주식회사,SPC 또는 유동화증권에 대한 신용보강,디엘이앤씨 주식회사
일반기업,디엘이앤씨 주식회사,SPC 또는 유동화증권에 대한 신용보강,디엘이앤씨 주식회사
일반기업,디엘이앤씨 주식회사,SPC 또는 유동화증권에 대한 신용보강,디엘이앤씨 주식회사
일반기업,디엘이앤씨 주식회사,SPC 또는 유동화증권에 대한 신용보강,디엘이앤씨 주식회사
일반기업,디엘이앤씨 주식회사,SPC 또는 유동화증권에 대한 신용보강,디엘이앤씨 주식회사
금융기관,메리츠증권,SPC 또는 유동화증권에 대한 신용보강,롯데건설
금융기관,메리츠증권,SPC 또는 유동화증권에 대한 신용보강,롯데건설
금융기관,메리츠증권,SPC 또는 유동화증권에 대한 신용보강,롯데건설
금융기관,메리츠증권,SPC 또는 유동화증권에 대한 신용보강,피엔지건설(주)
일반기업,현대건설,SPC 또는 유동화증권에 대한 신용보강,현대건설
일반기업,현대건설,SPC 또는 유동화증권에 대한 신용보강,현대건설
일반기업,현대건설,SPC 또는 유동화증권에 대한 신용보강,현대건설
일반기업,현대건설,SPC 또는 유동화증권에 대한 신용보강,현대건설
일반기업,현대건설,SPC 또는 유동화증권에 대한 신용보강,현대건설
일반기업,현대건설,SPC 또는 유동화증권에 대한 신용보강,현대건설
일반기업,현대건설,SPC 또는 유동화증권에 대한 신용보강,현대건설
일반기업,아이에스동서,SPC 또는 유동화증권에 대한 신용보강,아이에스동서
일반기업,아이에스동서,SPC 또는 유동화증권에 대한 신용보강,아이에스동서
일반기업,아이에스동서,SPC 또는 유동화증권에 대한 신용보강,아이에스동서
일반기업,아이에스동서,SPC 또는 유동화증권에 대한 신용보강,아이에스동서
금융기관,메리츠증권,SPC 또는 유동화증권에 대한 신용보강,현대엔지니어링
금융기관,메리츠증권,SPC 또는 유동화증권에 대한 신용보강,현대엔지니어링
금융기관,메리츠증권,SPC 또는 유동화증권에 대한 신용보강,현대엔지니어링
금융기관,메리츠증권,SPC 또는 유동화증권에 대한 신용보강,에스케이에코플랜트(주)
금융기관,메리츠증권,SPC 또는 유동화증권에 대한 신용보강,에스케이에코플랜트(주)
금융기관,메리츠증권,SPC 또는 유동화증권에 대한 신용보강,에스케이에코플랜트(주)
금융기관,메리츠증권,SPC 또는 유동화증권에 대한 신용보강,에스케이에코플랜트(주)
금융기관,메리츠증권,SPC 또는 유동화증권에 대한 신용보강,에스케이에코플랜트(주)
금융기관,메리츠증권,SPC 또는 유동화증권에 대한 신용보강,에스케이에코플랜트(주)
일반기업,현대건설,SPC 또는 유동화증권에 대한 신용보강,현대건설
일반기업,현대건설,SPC 또는 유동화증권에 대한 신용보강,현대건설
일반기업,현대건설,SPC 또는 유동화증권에 대한 신용보강,현대건설
일반기업,현대건설,SPC 또는 유동화증권에 대한 신용보강,현대건설
일반기업,현대건설,SPC 또는 유동화증권에 대한 신용보강,현대건설
일반기업,현대건설,SPC 또는 유동화증권에 대한 신용보강,현대건설
,현대건설,채무자 신용도,현대건설
,현대건설,채무자 신용도,현대건설
,현대건설,채무자 신용도,현대건설
,현대건설,채무자 신용도,현대건설
,현대건설,채무자 신용도,현대건설
,현대건설,채무자 신용도,현대건설
,현대건설,채무자 신용도,현대건설
일반기업,현대건설,SPC 또는 유동화증권에 대한 신용보강,현대건설
일반기업,현대건설,SPC 또는 유동화증권에 대한 신용보강,현대건설
일반기업,현대건설,SPC 또는 유동화증권에 대한 신용보강,현대건설
일반기업,현대건설,SPC 또는 유동화증권에 대한 신용보강,현대건설
일반기업,현대건설,SPC 또는 유동화증권에 대한 신용보강,현대건설
일반기업,현대건설,SPC 또는 유동화증권에 대한 신용보강,현대건설
일반기업,현대건설,SPC 또는 유동화증권에 대한 신용보강,현대건설
일반기업,현대건설,SPC 또는 유동화증권에 대한 신용보강,현대건설
일반기업,현대건설,SPC 또는 유동화증권에 대한 신용보강,현대건설
일반기업,현대건설,SPC 또는 유동화증권에 대한 신용보강,현대건설
일반기업,현대건설,SPC 또는 유동화증권에 대한 신용보강,현대건설
일반기업,현대건설,SPC 또는 유동화증권에 대한 신용보강,현대건설
일반기업,현대건설,SPC 또는 유동화증권에 대한 신용보강,현대건설
일반기업,현대건설,SPC 또는 유동화증권에 대한 신용보강,현대건설
일반기업,현대건설,SPC 또는 유동화증권에 대한 신용보강,현대건설
일반기업,지에스건설,SPC 또는 유동화증권에 대한 신용보강,지에스건설
일반기업,지에스건설,SPC 또는 유동화증권에 대한 신용보강,지에스건설
일반기업,지에스건설,SPC 또는 유동화증권에 대한 신용보강,지에스건설
일반기업,지에스건설,SPC 또는 유동화증권에 대한 신용보강,지에스건설
일반기업,지에스건설,SPC 또는 유동화증권에 대한 신용보강,지에스건설
일반기업,지에스건설,SPC 또는 유동화증권에 대한 신용보강,지에스건설
일반기업,지에스건설,SPC 또는 유동화증권에 대한 신용보강,지에스건설
일반기업,지에스건설,SPC 또는 유동화증권에 대한 신용보강,지에스건설
일반기업,지에스건설,SPC 또는 유동화증권에 대한 신용보강,지에스건설
일반기업,지에스건설,SPC 또는 유동화증권에 대한 신용보강,지에스건설
일반기업,지에스건설,SPC 또는 유동화증권에 대한 신용보강,지에스건설
일반기업,지에스건설,SPC 또는 유동화증권에 대한 신용보강,지에스건설
일반기업,지에스건설,SPC 또는 유동화증권에 대한 신용보강,지에스건설
일반기업,지에스건설,SPC 또는 유동화증권에 대한 신용보강,지에스건설
일반기업,지에스건설,SPC 또는 유동화증권에 대한 신용보강,지에스건설
일반기업,지에스건설,SPC 또는 유동화증권에 대한 신용보강,지에스건설
일반기업,지에스건설,SPC 또는 유동화증권에 대한 신용보강,지에스건설
일반기업,지에스건설,SPC 또는 유동화증권에 대한 신용보강,지에스건설
일반기업,지에스건설,SPC 또는 유동화증권에 대한 신용보강,지에스건설
일반기업,지에스건설,SPC 또는 유동화증권에 대한 신용보강,지에스건설
일반기업,지에스건설,SPC 또는 유동화증권에 대한 신용보강,지에스건설
일반기업,지에스건설,SPC 또는 유동화증권에 대한 신용보강,지에스건설
일반기업,지에스건설,SPC 또는 유동화증권에 대한 신용보강,지에스건설
일반기업,지에스건설,SPC 또는 유동화증권에 대한 신용보강,지에스건설
일반기업,지에스건설,SPC 또는 유동화증권에 대한 신용보강,지에스건설
일반기업,지에스건설,SPC 또는 유동화증권에 대한 신용보강,지에스건설
일반기업,지에스건설,SPC 또는 유동화증권에 대한 신용보강,지에스건설
일반기업,코오롱글로벌,SPC 또는 유동화증권에 대한 신용보강,코오롱글로벌
일반기업,코오롱글로벌,SPC 또는 유동화증권에 대한 신용보강,코오롱글로벌
일반기업,코오롱글로벌,SPC 또는 유동화증권에 대한 신용보강,코오롱글로벌
,쌍용건설,채무자 신용도,쌍용건설
,쌍용건설,채무자 신용도,쌍용건설
,쌍용건설,채무자 신용도,쌍용건설
,쌍용건설,채무자 신용도,쌍용건설
,쌍용건설,채무자 신용도,쌍용건설
,쌍용건설,채무자 신용도,쌍용건설
,쌍용건설,채무자 신용도,쌍용건설
,쌍용건설,채무자 신용도,쌍용건설
일반기업,현대엔지니어링,SPC 또는 유동화증권에 대한 신용보강,현대엔지니어링
일반기업,현대엔지니어링,SPC 또는 유동화증권에 대한 신용보강,현대엔지니어링
일반기업,현대엔지니어링,SPC 또는 유동화증권에 대한 신용보강,현대엔지니어링
일반기업,현대엔지니어링,SPC 또는 유동화증권에 대한 신용보강,현대엔지니어링
일반기업,현대엔지니어링,SPC 또는 유동화증권에 대한 신용보강,현대엔지니어링
일반기업,현대엔지니어링,SPC 또는 유동화증권에 대한 신용보강,현대엔지니어링
일반기업,현대엔지니어링,SPC 또는 유동화증권에 대한 신용보강,현대엔지니어링
일반기업,현대엔지니어링,SPC 또는 유동화증권에 대한 신용보강,현대엔지니어링
일반기업,현대엔지니어링,SPC 또는 유동화증권에 대한 신용보강,현대엔지니어링
일반기업,호반건설,SPC 또는 유동화증권에 대한 신용보강,호반건설
일반기업,호반건설,SPC 또는 유동화증권에 대한 신용보강,호반건설
일반기업,호반건설,SPC 또는 유동화증권에 대한 신용보강,호반건설
일반기업,호반건설,SPC 또는 유동화증권에 대한 신용보강,호반건설
일반기업,호반건설,SPC 또는 유동화증권에 대한 신용보강,호반건설
일반기업,호반건설,SPC 또는 유동화증권에 대한 신용보강,호반건설
일반기업,호반건설,SPC 또는 유동화증권에 대한 신용보강,호반건설
일반기업,호반건설,SPC 또는 유동화증권에 대한 신용보강,호반건설
일반기업,호반건설,SPC 또는 유동화증권에 대한 신용보강,호반건설
일반기업,호반건설,SPC 또는 유동화증권에 대한 신용보강,호반건설
일반기업,호반건설,SPC 또는 유동화증권에 대한 신용보강,호반건설
일반기업,호반건설,SPC 또는 유동화증권에 대한 신용보강,호반건설
일반기업,호반건설,SPC 또는 유동화증권에 대한 신용보강,호반건설
일반기업,호반건설,SPC 또는 유동화증권에 대한 신용보강,호반건설
금융기관,메리츠증권,SPC 또는 유동화증권에 대한 신용보강,미정
금융기관,메리츠증권,SPC 또는 유동화증권에 대한 신용보강,미정
금융기관,메리츠증권,SPC 또는 유동화증권에 대한 신용보강,미정
금융기관,메리츠증권,SPC 또는 유동화증권에 대한 신용보강,미정
일반기업,대우건설,SPC 또는 유동화증권에 대한 신용보강,대우건설
일반기업,대우건설,SPC 또는 유동화증권에 대한 신용보강,대우건설
일반기업,대우건설,SPC 또는 유동화증권에 대한 신용보강,대우건설
일반기업,대우건설,SPC 또는 유동화증권에 대한 신용보강,대우건설
일반기업,대우건설,SPC 또는 유동화증권에 대한 신용보강,대우건설
일반기업,대우건설,SPC 또는 유동화증권에 대한 신용보강,대우건설
일반기업,대우건설,SPC 또는 유동화증권에 대한 신용보강,대우건설
일반기업,대우건설,SPC 또는 유동화증권에 대한 신용보강,대우건설
일반기업,대우건설,SPC 또는 유동화증권에 대한 신용보강,대우건설
금융기관,한국투자증권,유동화증권 매입보장,해당없음
일반기업,코오롱글로벌,SPC 또는 유동화증권에 대한 신용보강,코오롱글로벌
일반기업,코오롱글로벌,SPC 또는 유동화증권에 대한 신용보강,코오롱글로벌
일반기업,코오롱글로벌,SPC 또는 유동화증권에 대한 신용보강,코오롱글로벌
일반기업,코오롱글로벌,SPC 또는 유동화증권에 대한 신용보강,코오롱글로벌
일반기업,코오롱글로벌,SPC 또는 유동화증권에 대한 신용보강,코오롱글로벌
일반기업,코오롱글로벌,SPC 또는 유동화증권에 대한 신용보강,코오롱글로벌
일반기업,코오롱글로벌,SPC 또는 유동화증권에 대한 신용보강,코오롱글로벌
일반기업,코오롱글로벌,SPC 또는 유동화증권에 대한 신용보강,코오롱글로벌
일반기업,코오롱글로벌,SPC 또는 유동화증권에 대한 신용보강,코오롱글로벌
일반기업,코오롱글로벌,SPC 또는 유동화증권에 대한 신용보강,코오롱글로벌
일반기업,코오롱글로벌,SPC 또는 유동화증권에 대한 신용보강,코오롱글로벌
일반기업,코오롱글로벌,SPC 또는 유동화증권에 대한 신용보강,코오롱글로벌
일반기업,코오롱글로벌,SPC 또는 유동화증권에 대한 신용보강,코오롱글로벌
일반기업,코오롱글로벌,SPC 또는 유동화증권에 대한 신용보강,코오롱글로벌
일반기업,코오롱글로벌,SPC 또는 유동화증권에 대한 신용보강,코오롱글로벌
일반기업,코오롱글로벌,SPC 또는 유동화증권에 대한 신용보강,코오롱글로벌
일반기업,코오롱글로벌,SPC 또는 유동화증권에 대한 신용보강,코오롱글로벌
일반기업,코오롱글로벌,SPC 또는 유동화증권에 대한 신용보강,코오롱글로벌
일반기업,코오롱글로벌,SPC 또는 유동화증권에 대한 신용보강,코오롱글로벌
일반기업,코오롱글로벌,SPC 또는 유동화증권에 대한 신용보강,코오롱글로벌
일반기업,코오롱글로벌,SPC 또는 유동화증권에 대한 신용보강,코오롱글로벌
일반기업,코오롱글로벌,SPC 또는 유동화증권에 대한 신용보강,코오롱글로벌
일반기업,코오롱글로벌,SPC 또는 유동화증권에 대한 신용보강,코오롱글로벌
일반기업,코오롱글로벌,SPC 또는 유동화증권에 대한 신용보강,코오롱글로벌
일반기업,코오롱글로벌,SPC 또는 유동화증권에 대한 신용보강,코오롱글로벌
일반기업,코오롱글로벌,SPC 또는 유동화증권에 대한 신용보강,코오롱글로벌
일반기업,코오롱글로벌,SPC 또는 유동화증권에 대한 신용보강,코오롱글로벌
일반기업,코오롱글로벌,SPC 또는 유동화증권에 대한 신용보강,코오롱글로벌
일반기업,코오롱글로벌,SPC 또는 유동화증권에 대한 신용보강,코오롱글로벌
일반기업,대우건설,SPC 또는 유동화증권에 대한 신용보강,대우건설
일반기업,대우건설,SPC 또는 유동화증권에 대한 신용보강,대우건설
일반기업,대우건설,SPC 또는 유동화증권에 대한 신용보강,대우건설
일반기업,대우건설,SPC 또는 유동화증권에 대한 신용보강,대우건설
일반기업,대우건설,SPC 또는 유동화증권에 대한 신용보강,대우건설
일반기업,대우건설,SPC 또는 유동화증권에 대한 신용보강,대우건설
일반기업,대우건설,SPC 또는 유동화증권에 대한 신용보강,대우건설
일반기업,대우건설,SPC 또는 유동화증권에 대한 신용보강,대우건설
일반기업,대우건설,SPC 또는 유동화증권에 대한 신용보강,대우건설
일반기업,대우건설,SPC 또는 유동화증권에 대한 신용보강,대우건설
일반기업,대우건설,SPC 또는 유동화증권에 대한 신용보강,대우건설
일반기업,대우건설,SPC 또는 유동화증권에 대한 신용보강,대우건설
일반기업,대우건설,SPC 또는 유동화증권에 대한 신용보강,대우건설
일반기업,대우건설,SPC 또는 유동화증권에 대한 신용보강,대우건설
일반기업,대우건설,SPC 또는 유동화증권에 대한 신용보강,대우건설
일반기업,대우건설,SPC 또는 유동화증권에 대한 신용보강,대우건설
일반기업,대우건설,SPC 또는 유동화증권에 대한 신용보강,대우건설
일반기업,대우건설,SPC 또는 유동화증권에 대한 신용보강,대우건설
일반기업,대우건설,SPC 또는 유동화증권에 대한 신용보강,대우건설
일반기업,대우건설,SPC 또는 유동화증권에 대한 신용보강,대우건설
일반기업,대우건설,SPC 또는 유동화증권에 대한 신용보강,대우건설
일반기업,대우건설,SPC 또는 유동화증권에 대한 신용보강,대우건설
일반기업,대우건설,SPC 또는 유동화증권에 대한 신용보강,대우건설
일반기업,대우건설,SPC 또는 유동화증권에 대한 신용보강,대우건설
일반기업,대우건설,SPC 또는 유동화증권에 대한 신용보강,대우건설
일반기업,대우건설,SPC 또는 유동화증권에 대한 신용보강,대우건설
일반기업,대우건설,SPC 또는 유동화증권에 대한 신용보강,대우건설
일반기업,대우건설,SPC 또는 유동화증권에 대한 신용보강,대우건설
일반기업,대우건설,SPC 또는 유동화증권에 대한 신용보강,대우건설
일반기업,대우건설,SPC 또는 유동화증권에 대한 신용보강,대우건설
일반기업,대우건설,SPC 또는 유동화증권에 대한 신용보강,대우건설
일반기업,대우건설,SPC 또는 유동화증권에 대한 신용보강,대우건설
일반기업,대우건설,SPC 또는 유동화증권에 대한 신용보강,대우건설
일반기업,대우건설,SPC 또는 유동화증권에 대한 신용보강,대우건설
일반기업,대우건설,SPC 또는 유동화증권에 대한 신용보강,대우건설
일반기업,대우건설,SPC 또는 유동화증권에 대한 신용보강,대우건설
일반기업,대우건설,SPC 또는 유동화증권에 대한 신용보강,대우건설
일반기업,대우건설,SPC 또는 유동화증권에 대한 신용보강,대우건설
일반기업,대우건설,SPC 또는 유동화증권에 대한 신용보강,대우건설
일반기업,대우건설,SPC 또는 유동화증권에 대한 신용보강,대우건설
일반기업,대우건설,SPC 또는 유동화증권에 대한 신용보강,대우건설
일반기업,대우건설,SPC 또는 유동화증권에 대한 신용보강,대우건설
일반기업,대우건설,SPC 또는 유동화증권에 대한 신용보강,대우건설
일반기업,대우건설,SPC 또는 유동화증권에 대한 신용보강,대우건설
일반기업,대우건설,SPC 또는 유동화증권에 대한 신용보강,대우건설
일반기업,대우건설,SPC 또는 유동화증권에 대한 신용보강,대우건설
일반기업,대우건설,SPC 또는 유동화증권에 대한 신용보강,대우건설
일반기업,롯데건설,SPC 또는 유동화증권에 대한 신용보강,롯데건설
일반기업,롯데건설,SPC 또는 유동화증권에 대한 신용보강,롯데건설
일반기업,롯데건설,SPC 또는 유동화증권에 대한 신용보강,롯데건설
일반기업,롯데건설,SPC 또는 유동화증권에 대한 신용보강,롯데건설
일반기업,롯데건설,SPC 또는 유동화증권에 대한 신용보강,롯데건설
일반기업,롯데건설,SPC 또는 유동화증권에 대한 신용보강,롯데건설
일반기업,롯데건설,SPC 또는 유동화증권에 대한 신용보강,롯데건설
일반기업,롯데건설,SPC 또는 유동화증권에 대한 신용보강,롯데건설
일반기업,롯데건설,SPC 또는 유동화증권에 대한 신용보강,롯데건설
일반기업,롯데건설,SPC 또는 유동화증권에 대한 신용보강,롯데건설
일반기업,롯데건설,SPC 또는 유동화증권에 대한 신용보강,롯데건설
일반기업,롯데건설,SPC 또는 유동화증권에 대한 신용보강,롯데건설
일반기업,롯데건설,SPC 또는 유동화증권에 대한 신용보강,롯데건설
일반기업,롯데건설,SPC 또는 유동화증권에 대한 신용보강,롯데건설
일반기업,롯데건설,SPC 또는 유동화증권에 대한 신용보강,롯데건설
일반기업,롯데건설,SPC 또는 유동화증권에 대한 신용보강,롯데건설
일반기업,롯데건설,SPC 또는 유동화증권에 대한 신용보강,롯데건설
일반기업,롯데건설,SPC 또는 유동화증권에 대한 신용보강,롯데건설
일반기업,롯데건설,SPC 또는 유동화증권에 대한 신용보강,롯데건설
일반기업,롯데건설,SPC 또는 유동화증권에 대한 신용보강,롯데건설
일반기업,롯데건설,SPC 또는 유동화증권에 대한 신용보강,롯데건설
일반기업,롯데건설,SPC 또는 유동화증권에 대한 신용보강,롯데건설
일반기업,(주)대림,SPC 또는 유동화증권에 대한 신용보강,(주)대림
일반기업,디엘이앤씨 주식회사,SPC 또는 유동화증권에 대한 신용보강,디엘이앤씨 주식회사
일반기업,디엘이앤씨 주식회사,SPC 또는 유동화증권에 대한 신용보강,디엘이앤씨 주식회사
일반기업,디엘이앤씨 주식회사,SPC 또는 유동화증권에 대한 신용보강,디엘이앤씨 주식회사
일반기업,디엘이앤씨 주식회사,SPC 또는 유동화증권에 대한 신용보강,디엘이앤씨 주식회사
일반기업,디엘이앤씨 주식회사,SPC 또는 유동화증권에 대한 신용보강,디엘이앤씨 주식회사
,현대건설,채무자 신용도,현대건설
,현대건설,채무자 신용도,현대건설
일반기업,디엘이앤씨,SPC 또는 유동화증권에 대한 신용보강,디엘이앤씨 주식회사
일반기업,디엘이앤씨,SPC 또는 유동화증권에 대한 신용보강,디엘이앤씨 주식회사
일반기업,디엘이앤씨,SPC 또는 유동화증권에 대한 신용보강,디엘이앤씨 주식회사
일반기업,디엘이앤씨,SPC 또는 유동화증권에 대한 신용보강,디엘이앤씨 주식회사
일반기업,디엘이앤씨,SPC 또는 유동화증권에 대한 신용보강,디엘이앤씨 주식회사
일반기업,디엘이앤씨,SPC 또는 유동화증권에 대한 신용보강,디엘이앤씨 주식회사
일반기업,디엘이앤씨,SPC 또는 유동화증권에 대한 신용보강,디엘이앤씨 주식회사
일반기업,디엘이앤씨,SPC 또는 유동화증권에 대한 신용보강,디엘이앤씨 주식회사
일반기업,디엘이앤씨,SPC 또는 유동화증권에 대한 신용보강,디엘이앤씨 주식회사
일반기업,디엘이앤씨,SPC 또는 유동화증권에 대한 신용보강,디엘이앤씨 주식회사
일반기업,디엘이앤씨,SPC 또는 유동화증권에 대한 신용보강,디엘이앤씨 주식회사
일반기업,디엘이앤씨,SPC 또는 유동화증권에 대한 신용보강,디엘이앤씨 주식회사
일반기업,지에스건설,SPC 또는 유동화증권에 대한 신용보강,지에스건설
일반기업,지에스건설,SPC 또는 유동화증권에 대한 신용보강,지에스건설
일반기업,지에스건설,SPC 또는 유동화증권에 대한 신용보강,지에스건설
일반기업,현대건설,SPC 또는 유동화증권에 대한 신용보강,현대건설
일반기업,현대건설,SPC 또는 유동화증권에 대한 신용보강,현대건설
일반기업,현대건설,SPC 또는 유동화증권에 대한 신용보강,현대건설
일반기업,현대건설,SPC 또는 유동화증권에 대한 신용보강,현대건설
일반기업,현대건설,SPC 또는 유동화증권에 대한 신용보강,현대건설
일반기업,현대건설,SPC 또는 유동화증권에 대한 신용보강,현대건설
일반기업,현대건설,유동화증권 매입보장,현대건설
일반기업,현대건설,유동화증권 매입보장,현대건설
일반기업,현대건설,유동화증권 매입보장,현대건설
일반기업,현대건설,유동화증권 매입보장,현대건설
일반기업,현대건설,유동화증권 매입보장,현대건설
일반기업,현대건설,유동화증권 매입보장,현대건설
일반기업,현대건설,유동화증권 매입보장,현대건설
일반기업,현대건설,유동화증권 매입보장,현대건설
일반기업,현대건설,유동화증권 매입보장,현대건설
일반기업,현대건설,유동화증권 매입보장,현대건설
일반기업,현대건설,유동화증권 매입보장,현대건설
일반기업,현대건설,유동화증권 매입보장,현대건설
일반기업,현대건설,유동화증권 매입보장,현대건설
일반기업,현대건설,유동화증권 매입보장,현대건설
일반기업,현대건설,유동화증권 매입보장,현대건설
일반기업,현대건설,유동화증권 매입보장,현대건설
일반기업,현대건설,유동화증권 매입보장,현대건설
일반기업,현대건설,유동화증권 매입보장,현대건설
일반기업,현대건설,유동화증권 매입보장,현대건설
일반기업,현대건설,유동화증권 매입보장,현대건설
일반기업,현대건설,유동화증권 매입보장,현대건설
일반기업,현대건설,유동화증권 매입보장,현대건설
일반기업,현대건설,유동화증권 매입보장,현대건설
일반기업,현대건설,유동화증권 매입보장,현대건설
일반기업,현대건설,유동화증권 매입보장,현대건설
일반기업,현대건설,유동화증권 매입보장,현대건설
일반기업,현대건설,유동화증권 매입보장,현대건설
일반기업,현대건설,유동화증권 매입보장,현대건설
일반기업,현대건설,유동화증권 매입보장,현대건설
일반기업,현대건설,유동화증권 매입보장,현대건설
일반기업,현대건설,유동화증권 매입보장,현대건설
일반기업,현대건설,유동화증권 매입보장,현대건설
일반기업,현대건설,유동화증권 매입보장,현대건설
일반기업,현대건설,유동화증권 매입보장,현대건설
일반기업,현대건설,유동화증권 매입보장,현대건설
일반기업,현대건설,유동화증권 매입보장,현대건설
일반기업,현대건설,유동화증권 매입보장,현대건설
일반기업,현대건설,유동화증권 매입보장,현대건설
일반기업,현대건설,유동화증권 매입보장,현대건설
일반기업,현대건설,유동화증권 매입보장,현대건설
일반기업,현대건설,유동화증권 매입보장,현대건설
일반기업,현대건설,유동화증권 매입보장,현대건설
일반기업,현대건설,유동화증권 매입보장,현대건설
일반기업,현대건설,유동화증권 매입보장,현대건설
일반기업,현대건설,유동화증권 매입보장,현대건설
일반기업,현대건설,유동화증권 매입보장,현대건설
일반기업,현대건설,유동화증권 매입보장,현대건설
일반기업,현대건설,유동화증권 매입보장,현대건설
일반기업,현대건설,유동화증권 매입보장,현대건설
일반기업,삼성물산(주),SPC 또는 유동화증권에 대한 신용보강,삼성물산(주)
일반기업,삼성물산(주),SPC 또는 유동화증권에 대한 신용보강,삼성물산(주)
일반기업,삼성물산(주),SPC 또는 유동화증권에 대한 신용보강,삼성물산(주)
일반기업,삼성물산(주),SPC 또는 유동화증권에 대한 신용보강,삼성물산(주)
일반기업,삼성물산(주),SPC 또는 유동화증권에 대한 신용보강,삼성물산(주)
일반기업,삼성물산(주),SPC 또는 유동화증권에 대한 신용보강,삼성물산(주)
일반기업,삼성물산(주),SPC 또는 유동화증권에 대한 신용보강,삼성물산(주)
일반기업,삼성물산(주),SPC 또는 유동화증권에 대한 신용보강,삼성물산(주)
일반기업,삼성물산(주),SPC 또는 유동화증권에 대한 신용보강,삼성물산(주)
일반기업,삼성물산(주),SPC 또는 유동화증권에 대한 신용보강,삼성물산(주)
일반기업,삼성물산(주),SPC 또는 유동화증권에 대한 신용보강,삼성물산(주)
일반기업,삼성물산(주),SPC 또는 유동화증권에 대한 신용보강,삼성물산(주)
일반기업,삼성물산(주),SPC 또는 유동화증권에 대한 신용보강,삼성물산(주)
일반기업,삼성물산(주),SPC 또는 유동화증권에 대한 신용보강,삼성물산(주)
일반기업,삼성물산(주),SPC 또는 유동화증권에 대한 신용보강,삼성물산(주)
일반기업,삼성물산(주),SPC 또는 유동화증권에 대한 신용보강,삼성물산(주)
일반기업,삼성물산(주),SPC 또는 유동화증권에 대한 신용보강,삼성물산(주)
일반기업,삼성물산(주),SPC 또는 유동화증권에 대한 신용보강,삼성물산(주)
일반기업,삼성물산(주),SPC 또는 유동화증권에 대한 신용보강,삼성물산(주)
일반기업,삼성물산(주),SPC 또는 유동화증권에 대한 신용보강,삼성물산(주)
일반기업,삼성물산(주),SPC 또는 유동화증권에 대한 신용보강,삼성물산(주)
일반기업,삼성물산(주),SPC 또는 유동화증권에 대한 신용보강,삼성물산(주)
일반기업,삼성물산(주),SPC 또는 유동화증권에 대한 신용보강,삼성물산(주)
일반기업,삼성물산(주),SPC 또는 유동화증권에 대한 신용보강,삼성물산(주)
일반기업,삼성물산(주),SPC 또는 유동화증권에 대한 신용보강,삼성물산(주)
일반기업,삼성물산(주),SPC 또는 유동화증권에 대한 신용보강,삼성물산(주)
일반기업,삼성물산(주),SPC 또는 유동화증권에 대한 신용보강,삼성물산(주)
일반기업,삼성물산(주),SPC 또는 유동화증권에 대한 신용보강,삼성물산(주)
일반기업,삼성물산(주),SPC 또는 유동화증권에 대한 신용보강,삼성물산(주)
일반기업,삼성물산(주),SPC 또는 유동화증권에 대한 신용보강,삼성물산(주)
일반기업,케이씨씨건설,SPC 또는 유동화증권에 대한 신용보강,케이씨씨건설
일반기업,케이씨씨건설,SPC 또는 유동화증권에 대한 신용보강,케이씨씨건설
일반기업,케이씨씨건설,SPC 또는 유동화증권에 대한 신용보강,케이씨씨건설
일반기업,케이씨씨건설,SPC 또는 유동화증권에 대한 신용보강,케이씨씨건설
일반기업,케이씨씨건설,SPC 또는 유동화증권에 대한 신용보강,케이씨씨건설
일반기업,케이씨씨건설,SPC 또는 유동화증권에 대한 신용보강,케이씨씨건설
일반기업,케이씨씨건설,SPC 또는 유동화증권에 대한 신용보강,케이씨씨건설
일반기업,케이씨씨건설,SPC 또는 유동화증권에 대한 신용보강,케이씨씨건설
일반기업,케이씨씨건설,SPC 또는 유동화증권에 대한 신용보강,케이씨씨건설
일반기업,케이씨씨건설,SPC 또는 유동화증권에 대한 신용보강,케이씨씨건설
일반기업,케이씨씨건설,SPC 또는 유동화증권에 대한 신용보강,케이씨씨건설
일반기업,케이씨씨건설,SPC 또는 유동화증권에 대한 신용보강,케이씨씨건설
일반기업,케이씨씨건설,SPC 또는 유동화증권에 대한 신용보강,케이씨씨건설
일반기업,케이씨씨건설,SPC 또는 유동화증권에 대한 신용보강,케이씨씨건설
일반기업,케이씨씨건설,SPC 또는 유동화증권에 대한 신용보강,케이씨씨건설
일반기업,케이씨씨건설,SPC 또는 유동화증권에 대한 신용보강,케이씨씨건설
일반기업,케이씨씨건설,SPC 또는 유동화증권에 대한 신용보강,케이씨씨건설
일반기업,케이씨씨건설,SPC 또는 유동화증권에 대한 신용보강,케이씨씨건설
일반기업,케이씨씨건설,SPC 또는 유동화증권에 대한 신용보강,케이씨씨건설
일반기업,케이씨씨건설,SPC 또는 유동화증권에 대한 신용보강,케이씨씨건설
일반기업,케이씨씨건설,SPC 또는 유동화증권에 대한 신용보강,케이씨씨건설
일반기업,케이씨씨건설,SPC 또는 유동화증권에 대한 신용보강,케이씨씨건설
일반기업,케이씨씨건설,SPC 또는 유동화증권에 대한 신용보강,케이씨씨건설
일반기업,롯데쇼핑,SPC 또는 유동화증권에 대한 신용보강,해당없음
일반기업,롯데쇼핑,SPC 또는 유동화증권에 대한 신용보강,해당없음
일반기업,롯데쇼핑,SPC 또는 유동화증권에 대한 신용보강,해당없음
일반기업,롯데쇼핑,SPC 또는 유동화증권에 대한 신용보강,해당없음
일반기업,롯데쇼핑,SPC 또는 유동화증권에 대한 신용보강,해당없음
일반기업,롯데쇼핑,SPC 또는 유동화증권에 대한 신용보강,해당없음
일반기업,롯데쇼핑,SPC 또는 유동화증권에 대한 신용보강,해당없음
일반기업,롯데쇼핑,SPC 또는 유동화증권에 대한 신용보강,해당없음
일반기업,롯데쇼핑,SPC 또는 유동화증권에 대한 신용보강,해당없음
일반기업,롯데쇼핑,SPC 또는 유동화증권에 대한 신용보강,해당없음
일반기업,롯데쇼핑,SPC 또는 유동화증권에 대한 신용보강,해당없음
일반기업,롯데쇼핑,SPC 또는 유동화증권에 대한 신용보강,해당없음
일반기업,롯데쇼핑,SPC 또는 유동화증권에 대한 신용보강,해당없음
일반기업,롯데쇼핑,SPC 또는 유동화증권에 대한 신용보강,해당없음
일반기업,코오롱글로벌,SPC 또는 유동화증권에 대한 신용보강,코오롱글로벌
일반기업,코오롱글로벌,SPC 또는 유동화증권에 대한 신용보강,코오롱글로벌
일반기업,코오롱글로벌,SPC 또는 유동화증권에 대한 신용보강,코오롱글로벌
일반기업,코오롱글로벌,SPC 또는 유동화증권에 대한 신용보강,코오롱글로벌
일반기업,코오롱글로벌,SPC 또는 유동화증권에 대한 신용보강,코오롱글로벌
일반기업,코오롱글로벌,SPC 또는 유동화증권에 대한 신용보강,코오롱글로벌
일반기업,코오롱글로벌,SPC 또는 유동화증권에 대한 신용보강,코오롱글로벌
일반기업,코오롱글로벌,SPC 또는 유동화증권에 대한 신용보강,코오롱글로벌
일반기업,코오롱글로벌,SPC 또는 유동화증권에 대한 신용보강,코오롱글로벌
일반기업,코오롱글로벌,SPC 또는 유동화증권에 대한 신용보강,코오롱글로벌
일반기업,코오롱글로벌,SPC 또는 유동화증권에 대한 신용보강,코오롱글로벌
일반기업,코오롱글로벌,SPC 또는 유동화증권에 대한 신용보강,코오롱글로벌
일반기업,코오롱글로벌,SPC 또는 유동화증권에 대한 신용보강,코오롱글로벌
일반기업,코오롱글로벌,SPC 또는 유동화증권에 대한 신용보강,코오롱글로벌
일반기업,코오롱글로벌,SPC 또는 유동화증권에 대한 신용보강,코오롱글로벌
일반기업,코오롱글로벌,SPC 또는 유동화증권에 대한 신용보강,코오롱글로벌
일반기업,코오롱글로벌,SPC 또는 유동화증권에 대한 신용보강,코오롱글로벌
일반기업,코오롱글로벌,SPC 또는 유동화증권에 대한 신용보강,코오롱글로벌
일반기업,코오롱글로벌,SPC 또는 유동화증권에 대한 신용보강,코오롱글로벌
일반기업,지에스건설,SPC 또는 유동화증권에 대한 신용보강,지에스건설
일반기업,지에스건설,SPC 또는 유동화증권에 대한 신용보강,지에스건설
일반기업,지에스건설,SPC 또는 유동화증권에 대한 신용보강,지에스건설
일반기업,지에스건설,SPC 또는 유동화증권에 대한 신용보강,지에스건설
일반기업,지에스건설,SPC 또는 유동화증권에 대한 신용보강,지에스건설
일반기업,지에스건설,SPC 또는 유동화증권에 대한 신용보강,지에스건설
일반기업,지에스건설,SPC 또는 유동화증권에 대한 신용보강,지에스건설
일반기업,지에스건설,SPC 또는 유동화증권에 대한 신용보강,지에스건설
,경산시청,유동화증권 매입보장,대우건설
,경산시청,유동화증권 매입보장,대우건설
,경산시청,유동화증권 매입보장,대우건설
,경산시청,유동화증권 매입보장,대우건설
,경산시청,유동화증권 매입보장,대우건설
,경산시청,유동화증권 매입보장,대우건설
,경산시청,유동화증권 매입보장,대우건설
일반기업,현대건설,SPC 또는 유동화증권에 대한 신용보강,현대건설
일반기업,현대건설,SPC 또는 유동화증권에 대한 신용보강,현대건설
일반기업,현대건설,SPC 또는 유동화증권에 대한 신용보강,현대건설
일반기업,현대건설,SPC 또는 유동화증권에 대한 신용보강,현대건설
일반기업,현대건설,SPC 또는 유동화증권에 대한 신용보강,현대건설
일반기업,현대건설,SPC 또는 유동화증권에 대한 신용보강,현대건설
일반기업,현대건설,SPC 또는 유동화증권에 대한 신용보강,현대건설
일반기업,현대건설,SPC 또는 유동화증권에 대한 신용보강,현대건설
일반기업,현대건설,SPC 또는 유동화증권에 대한 신용보강,현대건설
일반기업,현대건설,SPC 또는 유동화증권에 대한 신용보강,현대건설
일반기업,현대건설,SPC 또는 유동화증권에 대한 신용보강,현대건설
일반기업,현대건설,SPC 또는 유동화증권에 대한 신용보강,현대건설
일반기업,현대건설,SPC 또는 유동화증권에 대한 신용보강,현대건설
일반기업,현대건설,SPC 또는 유동화증권에 대한 신용보강,현대건설
일반기업,현대건설,SPC 또는 유동화증권에 대한 신용보강,현대건설
금융기관,한국투자증권,SPC 또는 유동화증권에 대한 신용보강,아이에스동서
금융기관,한국투자증권,SPC 또는 유동화증권에 대한 신용보강,아이에스동서
금융기관,한국투자증권,SPC 또는 유동화증권에 대한 신용보강,아이에스동서
금융기관,한국투자증권,SPC 또는 유동화증권에 대한 신용보강,아이에스동서
금융기관,한국투자증권,SPC 또는 유동화증권에 대한 신용보강,아이에스동서
금융기관,한국투자증권,SPC 또는 유동화증권에 대한 신용보강,아이에스동서
금융기관,한국투자증권,SPC 또는 유동화증권에 대한 신용보강,아이에스동서
금융기관,한국투자증권,SPC 또는 유동화증권에 대한 신용보강,아이에스동서
금융기관,한국투자증권,SPC 또는 유동화증권에 대한 신용보강,아이에스동서
금융기관,한국투자증권,SPC 또는 유동화증권에 대한 신용보강,아이에스동서
금융기관,한국투자증권,SPC 또는 유동화증권에 대한 신용보강,아이에스동서
금융기관,한국투자증권,SPC 또는 유동화증권에 대한 신용보강,아이에스동서
일반기업,한화,SPC 또는 유동화증권에 대한 신용보강,한화
일반기업,롯데쇼핑,SPC 또는 유동화증권에 대한 신용보강,해당없음
일반기업,롯데쇼핑,SPC 또는 유동화증권에 대한 신용보강,해당없음
일반기업,롯데쇼핑,SPC 또는 유동화증권에 대한 신용보강,해당없음
일반기업,롯데쇼핑,SPC 또는 유동화증권에 대한 신용보강,해당없음
일반기업,롯데쇼핑,SPC 또는 유동화증권에 대한 신용보강,해당없음
일반기업,롯데쇼핑,SPC 또는 유동화증권에 대한 신용보강,해당없음
일반기업,롯데쇼핑,SPC 또는 유동화증권에 대한 신용보강,해당없음
일반기업,롯데쇼핑,SPC 또는 유동화증권에 대한 신용보강,해당없음
일반기업,이지스네오밸류일반부동산사모투자회사제8호전문,SPC 또는 유동화증권에 대한 신용보강,현대건설
일반기업,이지스네오밸류일반부동산사모투자회사제8호전문,SPC 또는 유동화증권에 대한 신용보강,현대건설
일반기업,이지스네오밸류일반부동산사모투자회사제8호전문,SPC 또는 유동화증권에 대한 신용보강,현대건설
일반기업,이지스네오밸류일반부동산사모투자회사제8호전문,SPC 또는 유동화증권에 대한 신용보강,현대건설
일반기업,이지스네오밸류일반부동산사모투자회사제8호전문,SPC 또는 유동화증권에 대한 신용보강,현대건설
일반기업,이지스네오밸류일반부동산사모투자회사제8호전문,SPC 또는 유동화증권에 대한 신용보강,현대건설
일반기업,이지스네오밸류일반부동산사모투자회사제8호전문,SPC 또는 유동화증권에 대한 신용보강,현대건설
일반기업,이지스네오밸류일반부동산사모투자회사제8호전문,SPC 또는 유동화증권에 대한 신용보강,현대건설
일반기업,이지스네오밸류일반부동산사모투자회사제8호전문,SPC 또는 유동화증권에 대한 신용보강,현대건설
일반기업,이지스네오밸류일반부동산사모투자회사제8호전문,SPC 또는 유동화증권에 대한 신용보강,현대건설
일반기업,이지스네오밸류일반부동산사모투자회사제8호전문,SPC 또는 유동화증권에 대한 신용보강,현대건설
일반기업,이지스네오밸류일반부동산사모투자회사제8호전문,SPC 또는 유동화증권에 대한 신용보강,현대건설
일반기업,이지스네오밸류일반부동산사모투자회사제8호전문,SPC 또는 유동화증권에 대한 신용보강,현대건설
일반기업,이지스네오밸류일반부동산사모투자회사제8호전문,SPC 또는 유동화증권에 대한 신용보강,현대건설
일반기업,이지스네오밸류일반부동산사모투자회사제8호전문,SPC 또는 유동화증권에 대한 신용보강,현대건설
일반기업,이지스네오밸류일반부동산사모투자회사제8호전문,SPC 또는 유동화증권에 대한 신용보강,현대건설
일반기업,이지스네오밸류일반부동산사모투자회사제8호전문,SPC 또는 유동화증권에 대한 신용보강,현대건설
일반기업,이지스네오밸류일반부동산사모투자회사제8호전문,SPC 또는 유동화증권에 대한 신용보강,현대건설
일반기업,이지스네오밸류일반부동산사모투자회사제8호전문,SPC 또는 유동화증권에 대한 신용보강,현대건설
일반기업,이지스네오밸류일반부동산사모투자회사제8호전문,SPC 또는 유동화증권에 대한 신용보강,현대건설
일반기업,이지스네오밸류일반부동산사모투자회사제8호전문,SPC 또는 유동화증권에 대한 신용보강,현대건설
일반기업,이지스네오밸류일반부동산사모투자회사제8호전문,SPC 또는 유동화증권에 대한 신용보강,현대건설
일반기업,이지스네오밸류일반부동산사모투자회사제8호전문,SPC 또는 유동화증권에 대한 신용보강,현대건설
일반기업,이지스네오밸류일반부동산사모투자회사제8호전문,SPC 또는 유동화증권에 대한 신용보강,현대건설
일반기업,이지스네오밸류일반부동산사모투자회사제8호전문,SPC 또는 유동화증권에 대한 신용보강,현대건설
일반기업,이지스네오밸류일반부동산사모투자회사제8호전문,SPC 또는 유동화증권에 대한 신용보강,현대건설
일반기업,이지스네오밸류일반부동산사모투자회사제8호전문,SPC 또는 유동화증권에 대한 신용보강,현대건설
일반기업,이지스네오밸류일반부동산사모투자회사제8호전문,SPC 또는 유동화증권에 대한 신용보강,현대건설
일반기업,이지스네오밸류일반부동산사모투자회사제8호전문,SPC 또는 유동화증권에 대한 신용보강,현대건설
일반기업,이지스네오밸류일반부동산사모투자회사제8호전문,SPC 또는 유동화증권에 대한 신용보강,현대건설
일반기업,이지스네오밸류일반부동산사모투자회사제8호전문,SPC 또는 유동화증권에 대한 신용보강,현대건설
일반기업,이지스네오밸류일반부동산사모투자회사제8호전문,SPC 또는 유동화증권에 대한 신용보강,현대건설
일반기업,이지스네오밸류일반부동산사모투자회사제8호전문,SPC 또는 유동화증권에 대한 신용보강,현대건설
일반기업,이지스네오밸류일반부동산사모투자회사제8호전문,SPC 또는 유동화증권에 대한 신용보강,현대건설
일반기업,이지스네오밸류일반부동산사모투자회사제8호전문,SPC 또는 유동화증권에 대한 신용보강,현대건설
일반기업,이지스네오밸류일반부동산사모투자회사제8호전문,SPC 또는 유동화증권에 대한 신용보강,현대건설
일반기업,이지스네오밸류일반부동산사모투자회사제8호전문,SPC 또는 유동화증권에 대한 신용보강,현대건설
일반기업,이지스네오밸류일반부동산사모투자회사제8호전문,SPC 또는 유동화증권에 대한 신용보강,현대건설
일반기업,이지스네오밸류일반부동산사모투자회사제8호전문,SPC 또는 유동화증권에 대한 신용보강,현대건설
일반기업,이지스네오밸류일반부동산사모투자회사제8호전문,SPC 또는 유동화증권에 대한 신용보강,현대건설
일반기업,이지스네오밸류일반부동산사모투자회사제8호전문,SPC 또는 유동화증권에 대한 신용보강,현대건설
일반기업,이지스네오밸류일반부동산사모투자회사제8호전문,SPC 또는 유동화증권에 대한 신용보강,현대건설
일반기업,이지스네오밸류일반부동산사모투자회사제8호전문,SPC 또는 유동화증권에 대한 신용보강,현대건설
일반기업,이지스네오밸류일반부동산사모투자회사제8호전문,SPC 또는 유동화증권에 대한 신용보강,현대건설
일반기업,이지스네오밸류일반부동산사모투자회사제8호전문,SPC 또는 유동화증권에 대한 신용보강,현대건설
일반기업,대우건설,SPC 또는 유동화증권에 대한 신용보강,한화호텔앤드리조트
일반기업,대우건설,SPC 또는 유동화증권에 대한 신용보강,한화호텔앤드리조트
일반기업,대우건설,SPC 또는 유동화증권에 대한 신용보강,한화호텔앤드리조트
일반기업,대우건설,SPC 또는 유동화증권에 대한 신용보강,한화호텔앤드리조트
일반기업,대우건설,SPC 또는 유동화증권에 대한 신용보강,한화호텔앤드리조트
일반기업,대우건설,SPC 또는 유동화증권에 대한 신용보강,한화호텔앤드리조트
일반기업,대우건설,SPC 또는 유동화증권에 대한 신용보강,한화호텔앤드리조트
일반기업,대우건설,SPC 또는 유동화증권에 대한 신용보강,한화호텔앤드리조트
일반기업,대우건설,SPC 또는 유동화증권에 대한 신용보강,한화호텔앤드리조트
일반기업,대우건설,SPC 또는 유동화증권에 대한 신용보강,한화호텔앤드리조트
일반기업,대우건설,SPC 또는 유동화증권에 대한 신용보강,한화호텔앤드리조트
일반기업,대우건설,SPC 또는 유동화증권에 대한 신용보강,한화호텔앤드리조트
일반기업,대우건설,SPC 또는 유동화증권에 대한 신용보강,한화호텔앤드리조트
일반기업,대우건설,SPC 또는 유동화증권에 대한 신용보강,한화호텔앤드리조트
일반기업,대우건설,SPC 또는 유동화증권에 대한 신용보강,한화호텔앤드리조트
일반기업,대우건설,SPC 또는 유동화증권에 대한 신용보강,한화호텔앤드리조트
일반기업,대우건설,SPC 또는 유동화증권에 대한 신용보강,한화호텔앤드리조트
일반기업,대우건설,SPC 또는 유동화증권에 대한 신용보강,한화호텔앤드리조트
일반기업,대우건설,SPC 또는 유동화증권에 대한 신용보강,한화호텔앤드리조트
일반기업,대우건설,SPC 또는 유동화증권에 대한 신용보강,한화호텔앤드리조트
일반기업,대우건설,SPC 또는 유동화증권에 대한 신용보강,한화호텔앤드리조트
일반기업,대우건설,SPC 또는 유동화증권에 대한 신용보강,한화호텔앤드리조트
일반기업,대우건설,SPC 또는 유동화증권에 대한 신용보강,한화호텔앤드리조트
일반기업,대우건설,SPC 또는 유동화증권에 대한 신용보강,한화호텔앤드리조트
일반기업,대우건설,SPC 또는 유동화증권에 대한 신용보강,한화호텔앤드리조트
일반기업,대우건설,SPC 또는 유동화증권에 대한 신용보강,한화호텔앤드리조트
일반기업,대우건설,SPC 또는 유동화증권에 대한 신용보강,한화호텔앤드리조트
일반기업,대우건설,SPC 또는 유동화증권에 대한 신용보강,한화호텔앤드리조트
일반기업,대우건설,SPC 또는 유동화증권에 대한 신용보강,한화호텔앤드리조트
일반기업,대우건설,SPC 또는 유동화증권에 대한 신용보강,한화호텔앤드리조트
일반기업,에스케이에코플랜트(주),SPC 또는 유동화증권에 대한 신용보강,에스케이에코플랜트(주)
일반기업,에스케이에코플랜트(주),SPC 또는 유동화증권에 대한 신용보강,에스케이에코플랜트(주)
일반기업,에스케이에코플랜트(주),SPC 또는 유동화증권에 대한 신용보강,에스케이에코플랜트(주)
일반기업,에스케이에코플랜트(주),SPC 또는 유동화증권에 대한 신용보강,에스케이에코플랜트(주)
일반기업,에스케이에코플랜트(주),SPC 또는 유동화증권에 대한 신용보강,에스케이에코플랜트(주)
일반기업,에스케이에코플랜트(주),SPC 또는 유동화증권에 대한 신용보강,에스케이에코플랜트(주)
일반기업,에스케이에코플랜트(주),SPC 또는 유동화증권에 대한 신용보강,에스케이에코플랜트(주)
일반기업,에스케이에코플랜트(주),SPC 또는 유동화증권에 대한 신용보강,에스케이에코플랜트(주)
일반기업,에스케이에코플랜트(주),SPC 또는 유동화증권에 대한 신용보강,에스케이에코플랜트(주)
일반기업,에스케이에코플랜트(주),SPC 또는 유동화증권에 대한 신용보강,에스케이에코플랜트(주)
일반기업,에스케이에코플랜트(주),SPC 또는 유동화증권에 대한 신용보강,에스케이에코플랜트(주)
일반기업,에스케이에코플랜트(주),SPC 또는 유동화증권에 대한 신용보강,에스케이에코플랜트(주)
일반기업,태영건설,SPC 또는 유동화증권에 대한 신용보강,태영건설
일반기업,태영건설,SPC 또는 유동화증권에 대한 신용보강,태영건설
일반기업,태영건설,SPC 또는 유동화증권에 대한 신용보강,태영건설
일반기업,태영건설,SPC 또는 유동화증권에 대한 신용보강,태영건설
일반기업,태영건설,SPC 또는 유동화증권에 대한 신용보강,태영건설
일반기업,태영건설,SPC 또는 유동화증권에 대한 신용보강,태영건설
일반기업,지에스건설,SPC 또는 유동화증권에 대한 신용보강,지에스건설
일반기업,지에스건설,SPC 또는 유동화증권에 대한 신용보강,지에스건설
일반기업,지에스건설,SPC 또는 유동화증권에 대한 신용보강,지에스건설
일반기업,지에스건설,SPC 또는 유동화증권에 대한 신용보강,지에스건설
일반기업,지에스건설,SPC 또는 유동화증권에 대한 신용보강,지에스건설
일반기업,지에스건설,SPC 또는 유동화증권에 대한 신용보강,지에스건설
일반기업,지에스건설,SPC 또는 유동화증권에 대한 신용보강,지에스건설
일반기업,지에스건설,SPC 또는 유동화증권에 대한 신용보강,지에스건설
일반기업,지에스건설,SPC 또는 유동화증권에 대한 신용보강,지에스건설
일반기업,지에스건설,SPC 또는 유동화증권에 대한 신용보강,지에스건설
일반기업,지에스건설,SPC 또는 유동화증권에 대한 신용보강,지에스건설
일반기업,지에스건설,SPC 또는 유동화증권에 대한 신용보강,지에스건설
일반기업,지에스건설,SPC 또는 유동화증권에 대한 신용보강,지에스건설
일반기업,에스지씨이테크건설,SPC 또는 유동화증권에 대한 신용보강,에스지씨이테크건설
일반기업,에스지씨이테크건설,SPC 또는 유동화증권에 대한 신용보강,에스지씨이테크건설
일반기업,에스지씨이테크건설,SPC 또는 유동화증권에 대한 신용보강,에스지씨이테크건설
일반기업,에스지씨이테크건설,SPC 또는 유동화증권에 대한 신용보강,에스지씨이테크건설
일반기업,에스지씨이테크건설,SPC 또는 유동화증권에 대한 신용보강,에스지씨이테크건설
일반기업,에스지씨이테크건설,SPC 또는 유동화증권에 대한 신용보강,에스지씨이테크건설
일반기업,에스지씨이테크건설,SPC 또는 유동화증권에 대한 신용보강,에스지씨이테크건설
일반기업,에스지씨이테크건설,SPC 또는 유동화증권에 대한 신용보강,에스지씨이테크건설
일반기업,에스지씨이테크건설,SPC 또는 유동화증권에 대한 신용보강,에스지씨이테크건설
일반기업,에스지씨이테크건설,SPC 또는 유동화증권에 대한 신용보강,에스지씨이테크건설
일반기업,에스지씨이테크건설,SPC 또는 유동화증권에 대한 신용보강,에스지씨이테크건설
일반기업,에스지씨이테크건설,SPC 또는 유동화증권에 대한 신용보강,에스지씨이테크건설
일반기업,에스지씨이테크건설,SPC 또는 유동화증권에 대한 신용보강,에스지씨이테크건설
일반기업,에스지씨이테크건설,SPC 또는 유동화증권에 대한 신용보강,에스지씨이테크건설
일반기업,에스지씨이테크건설,SPC 또는 유동화증권에 대한 신용보강,에스지씨이테크건설
일반기업,에스지씨이테크건설,SPC 또는 유동화증권에 대한 신용보강,에스지씨이테크건설
일반기업,에스지씨이테크건설,SPC 또는 유동화증권에 대한 신용보강,에스지씨이테크건설
일반기업,에스지씨이테크건설,SPC 또는 유동화증권에 대한 신용보강,에스지씨이테크건설
일반기업,에스지씨이테크건설,SPC 또는 유동화증권에 대한 신용보강,에스지씨이테크건설
일반기업,에스지씨이테크건설,SPC 또는 유동화증권에 대한 신용보강,에스지씨이테크건설
일반기업,에스지씨이테크건설,SPC 또는 유동화증권에 대한 신용보강,에스지씨이테크건설
일반기업,에스지씨이테크건설,SPC 또는 유동화증권에 대한 신용보강,에스지씨이테크건설
일반기업,에스지씨이테크건설,SPC 또는 유동화증권에 대한 신용보강,에스지씨이테크건설
일반기업,에스지씨이테크건설,SPC 또는 유동화증권에 대한 신용보강,에스지씨이테크건설
일반기업,에스지씨이테크건설,SPC 또는 유동화증권에 대한 신용보강,에스지씨이테크건설
일반기업,에스지씨이테크건설,SPC 또는 유동화증권에 대한 신용보강,에스지씨이테크건설
일반기업,에스지씨이테크건설,SPC 또는 유동화증권에 대한 신용보강,에스지씨이테크건설
일반기업,에스지씨이테크건설,SPC 또는 유동화증권에 대한 신용보강,에스지씨이테크건설
일반기업,에스지씨이테크건설,SPC 또는 유동화증권에 대한 신용보강,에스지씨이테크건설
일반기업,에스지씨이테크건설,SPC 또는 유동화증권에 대한 신용보강,에스지씨이테크건설
일반기업,에스지씨이테크건설,SPC 또는 유동화증권에 대한 신용보강,에스지씨이테크건설
일반기업,에스지씨이테크건설,SPC 또는 유동화증권에 대한 신용보강,에스지씨이테크건설
일반기업,에스지씨이테크건설,SPC 또는 유동화증권에 대한 신용보강,에스지씨이테크건설
일반기업,에스지씨이테크건설,SPC 또는 유동화증권에 대한 신용보강,에스지씨이테크건설
일반기업,에스지씨이테크건설,SPC 또는 유동화증권에 대한 신용보강,에스지씨이테크건설
일반기업,에스지씨이테크건설,SPC 또는 유동화증권에 대한 신용보강,에스지씨이테크건설
일반기업,에스지씨이테크건설,SPC 또는 유동화증권에 대한 신용보강,에스지씨이테크건설
일반기업,에스지씨이테크건설,SPC 또는 유동화증권에 대한 신용보강,에스지씨이테크건설
일반기업,에스지씨이테크건설,SPC 또는 유동화증권에 대한 신용보강,에스지씨이테크건설
일반기업,에스지씨이테크건설,SPC 또는 유동화증권에 대한 신용보강,에스지씨이테크건설
일반기업,에스지씨이테크건설,SPC 또는 유동화증권에 대한 신용보강,에스지씨이테크건설
일반기업,에스지씨이테크건설,SPC 또는 유동화증권에 대한 신용보강,에스지씨이테크건설
일반기업,현대건설,유동화증권 매입보장,인창개발(주)
일반기업,현대건설,유동화증권 매입보장,인창개발(주)
일반기업,현대건설,유동화증권 매입보장,인창개발(주)
일반기업,현대건설,유동화증권 매입보장,인창개발(주)
일반기업,현대건설,유동화증권 매입보장,인창개발(주)
일반기업,현대건설,유동화증권 매입보장,인창개발(주)
일반기업,현대건설,유동화증권 매입보장,인창개발(주)
일반기업,현대건설,유동화증권 매입보장,인창개발(주)
일반기업,현대건설,유동화증권 매입보장,인창개발(주)
일반기업,현대건설,유동화증권 매입보장,인창개발(주)
일반기업,현대건설,유동화증권 매입보장,인창개발(주)
일반기업,현대건설,유동화증권 매입보장,인창개발(주)
일반기업,현대건설,유동화증권 매입보장,인창개발(주)
일반기업,현대건설,유동화증권 매입보장,인창개발(주)
일반기업,태영건설,SPC 또는 유동화증권에 대한 신용보강,태영건설
일반기업,태영건설,SPC 또는 유동화증권에 대한 신용보강,태영건설
일반기업,태영건설,SPC 또는 유동화증권에 대한 신용보강,태영건설
일반기업,태영건설,SPC 또는 유동화증권에 대한 신용보강,태영건설
일반기업,태영건설,SPC 또는 유동화증권에 대한 신용보강,태영건설
일반기업,태영건설,SPC 또는 유동화증권에 대한 신용보강,태영건설
일반기업,태영건설,SPC 또는 유동화증권에 대한 신용보강,태영건설
일반기업,태영건설,SPC 또는 유동화증권에 대한 신용보강,태영건설
일반기업,태영건설,SPC 또는 유동화증권에 대한 신용보강,태영건설
일반기업,태영건설,SPC 또는 유동화증권에 대한 신용보강,태영건설
일반기업,태영건설,SPC 또는 유동화증권에 대한 신용보강,태영건설
일반기업,태영건설,SPC 또는 유동화증권에 대한 신용보강,태영건설
일반기업,태영건설,SPC 또는 유동화증권에 대한 신용보강,태영건설
일반기업,태영건설,SPC 또는 유동화증권에 대한 신용보강,태영건설
일반기업,태영건설,SPC 또는 유동화증권에 대한 신용보강,태영건설
일반기업,태영건설,SPC 또는 유동화증권에 대한 신용보강,태영건설
일반기업,태영건설,SPC 또는 유동화증권에 대한 신용보강,태영건설
일반기업,태영건설,SPC 또는 유동화증권에 대한 신용보강,태영건설
일반기업,태영건설,SPC 또는 유동화증권에 대한 신용보강,태영건설
일반기업,태영건설,SPC 또는 유동화증권에 대한 신용보강,태영건설
일반기업,태영건설,SPC 또는 유동화증권에 대한 신용보강,태영건설
일반기업,태영건설,SPC 또는 유동화증권에 대한 신용보강,태영건설
일반기업,태영건설,SPC 또는 유동화증권에 대한 신용보강,태영건설
일반기업,태영건설,SPC 또는 유동화증권에 대한 신용보강,태영건설
일반기업,태영건설,SPC 또는 유동화증권에 대한 신용보강,태영건설
일반기업,태영건설,SPC 또는 유동화증권에 대한 신용보강,태영건설
일반기업,태영건설,SPC 또는 유동화증권에 대한 신용보강,태영건설
일반기업,태영건설,SPC 또는 유동화증권에 대한 신용보강,태영건설
일반기업,태영건설,SPC 또는 유동화증권에 대한 신용보강,태영건설
일반기업,태영건설,SPC 또는 유동화증권에 대한 신용보강,태영건설
일반기업,태영건설,SPC 또는 유동화증권에 대한 신용보강,태영건설
일반기업,태영건설,SPC 또는 유동화증권에 대한 신용보강,태영건설
일반기업,태영건설,SPC 또는 유동화증권에 대한 신용보강,태영건설
일반기업,태영건설,SPC 또는 유동화증권에 대한 신용보강,태영건설
일반기업,태영건설,SPC 또는 유동화증권에 대한 신용보강,태영건설
일반기업,태영건설,SPC 또는 유동화증권에 대한 신용보강,태영건설
일반기업,태영건설,SPC 또는 유동화증권에 대한 신용보강,태영건설
일반기업,태영건설,SPC 또는 유동화증권에 대한 신용보강,태영건설
일반기업,코오롱글로벌,SPC 또는 유동화증권에 대한 신용보강,코오롱글로벌
일반기업,코오롱글로벌,SPC 또는 유동화증권에 대한 신용보강,코오롱글로벌
일반기업,코오롱글로벌,SPC 또는 유동화증권에 대한 신용보강,코오롱글로벌
일반기업,코오롱글로벌,SPC 또는 유동화증권에 대한 신용보강,코오롱글로벌
일반기업,코오롱글로벌,SPC 또는 유동화증권에 대한 신용보강,코오롱글로벌
일반기업,코오롱글로벌,SPC 또는 유동화증권에 대한 신용보강,코오롱글로벌
일반기업,코오롱글로벌,SPC 또는 유동화증권에 대한 신용보강,코오롱글로벌
일반기업,코오롱글로벌,SPC 또는 유동화증권에 대한 신용보강,코오롱글로벌
일반기업,코오롱글로벌,SPC 또는 유동화증권에 대한 신용보강,코오롱글로벌
일반기업,코오롱글로벌,SPC 또는 유동화증권에 대한 신용보강,코오롱글로벌
일반기업,현대건설,SPC 또는 유동화증권에 대한 신용보강,현대건설
일반기업,현대건설,SPC 또는 유동화증권에 대한 신용보강,현대건설
일반기업,현대건설,SPC 또는 유동화증권에 대한 신용보강,현대건설
일반기업,현대건설,SPC 또는 유동화증권에 대한 신용보강,현대건설
일반기업,현대건설,SPC 또는 유동화증권에 대한 신용보강,현대건설
일반기업,현대건설,SPC 또는 유동화증권에 대한 신용보강,현대건설
일반기업,현대건설,SPC 또는 유동화증권에 대한 신용보강,현대건설
일반기업,현대건설,SPC 또는 유동화증권에 대한 신용보강,현대건설
일반기업,현대건설,SPC 또는 유동화증권에 대한 신용보강,현대건설
일반기업,현대건설,SPC 또는 유동화증권에 대한 신용보강,현대건설
일반기업,현대건설,SPC 또는 유동화증권에 대한 신용보강,현대건설
일반기업,현대건설,SPC 또는 유동화증권에 대한 신용보강,현대건설
일반기업,현대건설,SPC 또는 유동화증권에 대한 신용보강,현대건설
일반기업,현대건설,SPC 또는 유동화증권에 대한 신용보강,현대건설
일반기업,현대건설,SPC 또는 유동화증권에 대한 신용보강,현대건설
일반기업,현대건설,SPC 또는 유동화증권에 대한 신용보강,현대건설
일반기업,현대건설,SPC 또는 유동화증권에 대한 신용보강,현대건설
일반기업,현대건설,SPC 또는 유동화증권에 대한 신용보강,현대건설
일반기업,현대건설,SPC 또는 유동화증권에 대한 신용보강,현대건설
일반기업,현대건설,SPC 또는 유동화증권에 대한 신용보강,현대건설
일반기업,현대건설,SPC 또는 유동화증권에 대한 신용보강,현대건설
일반기업,현대건설,SPC 또는 유동화증권에 대한 신용보강,현대건설
일반기업,현대건설,SPC 또는 유동화증권에 대한 신용보강,현대건설
일반기업,현대건설,SPC 또는 유동화증권에 대한 신용보강,현대건설
일반기업,현대건설,SPC 또는 유동화증권에 대한 신용보강,현대건설
일반기업,현대건설,SPC 또는 유동화증권에 대한 신용보강,현대건설
일반기업,현대건설,SPC 또는 유동화증권에 대한 신용보강,현대건설
일반기업,현대건설,SPC 또는 유동화증권에 대한 신용보강,현대건설
일반기업,현대건설,SPC 또는 유동화증권에 대한 신용보강,현대건설
일반기업,현대건설,SPC 또는 유동화증권에 대한 신용보강,현대건설
일반기업,현대건설,SPC 또는 유동화증권에 대한 신용보강,현대건설
일반기업,현대건설,SPC 또는 유동화증권에 대한 신용보강,현대건설
일반기업,현대건설,SPC 또는 유동화증권에 대한 신용보강,현대건설
일반기업,현대건설,SPC 또는 유동화증권에 대한 신용보강,현대건설
일반기업,현대건설,SPC 또는 유동화증권에 대한 신용보강,현대건설
일반기업,현대건설,SPC 또는 유동화증권에 대한 신용보강,현대건설
일반기업,현대건설,SPC 또는 유동화증권에 대한 신용보강,현대건설
일반기업,현대건설,SPC 또는 유동화증권에 대한 신용보강,현대건설
일반기업,현대건설,SPC 또는 유동화증권에 대한 신용보강,현대건설
일반기업,현대건설,SPC 또는 유동화증권에 대한 신용보강,현대건설
일반기업,현대건설,SPC 또는 유동화증권에 대한 신용보강,현대건설
일반기업,현대건설,SPC 또는 유동화증권에 대한 신용보강,현대건설
일반기업,현대건설,SPC 또는 유동화증권에 대한 신용보강,현대건설
금융기관,서울보증보험,SPC 또는 유동화증권에 대한 신용보강,지에스건설
금융기관,서울보증보험,SPC 또는 유동화증권에 대한 신용보강,지에스건설
금융기관,서울보증보험,SPC 또는 유동화증권에 대한 신용보강,지에스건설
금융기관,서울보증보험,SPC 또는 유동화증권에 대한 신용보강,지에스건설
금융기관,서울보증보험,SPC 또는 유동화증권에 대한 신용보강,지에스건설
일반기업,대우건설,SPC 또는 유동화증권에 대한 신용보강,대우건설
일반기업,대우건설,SPC 또는 유동화증권에 대한 신용보강,대우건설
일반기업,대우건설,SPC 또는 유동화증권에 대한 신용보강,대우건설
일반기업,대우건설,SPC 또는 유동화증권에 대한 신용보강,대우건설
일반기업,대우건설,SPC 또는 유동화증권에 대한 신용보강,대우건설
일반기업,대우건설,SPC 또는 유동화증권에 대한 신용보강,대우건설
일반기업,대우건설,SPC 또는 유동화증권에 대한 신용보강,대우건설
일반기업,대우건설,SPC 또는 유동화증권에 대한 신용보강,대우건설
일반기업,대우건설,SPC 또는 유동화증권에 대한 신용보강,대우건설
일반기업,대우건설,SPC 또는 유동화증권에 대한 신용보강,대우건설
일반기업,현대건설,SPC 또는 유동화증권에 대한 신용보강,현대건설
일반기업,현대건설,SPC 또는 유동화증권에 대한 신용보강,현대건설
일반기업,현대건설,SPC 또는 유동화증권에 대한 신용보강,현대건설
일반기업,현대건설,SPC 또는 유동화증권에 대한 신용보강,현대건설
일반기업,현대건설,SPC 또는 유동화증권에 대한 신용보강,현대건설
일반기업,현대건설,SPC 또는 유동화증권에 대한 신용보강,현대건설
일반기업,현대건설,SPC 또는 유동화증권에 대한 신용보강,현대건설
일반기업,현대건설,SPC 또는 유동화증권에 대한 신용보강,현대건설
일반기업,현대건설,SPC 또는 유동화증권에 대한 신용보강,현대건설
일반기업,현대건설,SPC 또는 유동화증권에 대한 신용보강,현대건설
일반기업,현대건설,SPC 또는 유동화증권에 대한 신용보강,현대건설
일반기업,현대건설,SPC 또는 유동화증권에 대한 신용보강,현대건설
일반기업,현대건설,SPC 또는 유동화증권에 대한 신용보강,현대건설
일반기업,현대건설,SPC 또는 유동화증권에 대한 신용보강,현대건설
일반기업,현대건설,SPC 또는 유동화증권에 대한 신용보강,현대건설
일반기업,현대건설,SPC 또는 유동화증권에 대한 신용보강,현대건설
일반기업,현대건설,SPC 또는 유동화증권에 대한 신용보강,현대건설
일반기업,현대건설,SPC 또는 유동화증권에 대한 신용보강,현대건설
일반기업,현대건설,SPC 또는 유동화증권에 대한 신용보강,현대건설
일반기업,현대건설,SPC 또는 유동화증권에 대한 신용보강,현대건설
일반기업,현대건설,SPC 또는 유동화증권에 대한 신용보강,현대건설
일반기업,현대건설,SPC 또는 유동화증권에 대한 신용보강,현대건설
일반기업,현대건설,SPC 또는 유동화증권에 대한 신용보강,현대건설
일반기업,현대건설,SPC 또는 유동화증권에 대한 신용보강,현대건설
일반기업,현대건설,SPC 또는 유동화증권에 대한 신용보강,현대건설
일반기업,현대건설,SPC 또는 유동화증권에 대한 신용보강,현대건설
일반기업,현대건설,SPC 또는 유동화증권에 대한 신용보강,현대건설
일반기업,현대건설,SPC 또는 유동화증권에 대한 신용보강,현대건설
일반기업,현대건설,SPC 또는 유동화증권에 대한 신용보강,현대건설
일반기업,현대건설,SPC 또는 유동화증권에 대한 신용보강,현대건설
일반기업,현대건설,SPC 또는 유동화증권에 대한 신용보강,현대건설
일반기업,현대건설,SPC 또는 유동화증권에 대한 신용보강,현대건설
일반기업,현대건설,SPC 또는 유동화증권에 대한 신용보강,현대건설
일반기업,현대건설,SPC 또는 유동화증권에 대한 신용보강,현대건설
일반기업,현대건설,SPC 또는 유동화증권에 대한 신용보강,현대건설
일반기업,현대건설,SPC 또는 유동화증권에 대한 신용보강,현대건설
일반기업,현대건설,SPC 또는 유동화증권에 대한 신용보강,현대건설
일반기업,현대건설,SPC 또는 유동화증권에 대한 신용보강,현대건설
일반기업,현대건설,SPC 또는 유동화증권에 대한 신용보강,현대건설
일반기업,현대건설,SPC 또는 유동화증권에 대한 신용보강,현대건설
일반기업,현대건설,SPC 또는 유동화증권에 대한 신용보강,현대건설
일반기업,현대건설,SPC 또는 유동화증권에 대한 신용보강,현대건설
일반기업,현대건설,SPC 또는 유동화증권에 대한 신용보강,현대건설
일반기업,현대건설,SPC 또는 유동화증권에 대한 신용보강,현대건설
일반기업,현대건설,SPC 또는 유동화증권에 대한 신용보강,현대건설
일반기업,현대건설,SPC 또는 유동화증권에 대한 신용보강,현대건설
일반기업,현대건설,SPC 또는 유동화증권에 대한 신용보강,현대건설
일반기업,현대건설,SPC 또는 유동화증권에 대한 신용보강,현대건설
일반기업,현대건설,SPC 또는 유동화증권에 대한 신용보강,현대건설
일반기업,현대건설,SPC 또는 유동화증권에 대한 신용보강,현대건설
일반기업,현대건설,SPC 또는 유동화증권에 대한 신용보강,현대건설
일반기업,현대건설,SPC 또는 유동화증권에 대한 신용보강,현대건설
일반기업,현대건설,SPC 또는 유동화증권에 대한 신용보강,현대건설
일반기업,현대건설,SPC 또는 유동화증권에 대한 신용보강,현대건설
일반기업,현대건설,SPC 또는 유동화증권에 대한 신용보강,현대건설
일반기업,현대건설,SPC 또는 유동화증권에 대한 신용보강,현대건설
일반기업,현대건설,SPC 또는 유동화증권에 대한 신용보강,현대건설
일반기업,현대건설,SPC 또는 유동화증권에 대한 신용보강,현대건설
일반기업,현대건설,SPC 또는 유동화증권에 대한 신용보강,현대건설
일반기업,현대건설,SPC 또는 유동화증권에 대한 신용보강,현대건설
일반기업,현대건설,SPC 또는 유동화증권에 대한 신용보강,현대건설
일반기업,현대건설,SPC 또는 유동화증권에 대한 신용보강,현대건설
일반기업,현대건설,SPC 또는 유동화증권에 대한 신용보강,현대건설
일반기업,현대건설,SPC 또는 유동화증권에 대한 신용보강,현대건설
일반기업,현대건설,SPC 또는 유동화증권에 대한 신용보강,현대건설
일반기업,현대건설,SPC 또는 유동화증권에 대한 신용보강,현대건설
일반기업,현대건설,SPC 또는 유동화증권에 대한 신용보강,현대건설
일반기업,현대건설,SPC 또는 유동화증권에 대한 신용보강,현대건설
일반기업,현대건설,SPC 또는 유동화증권에 대한 신용보강,현대건설
일반기업,현대건설,유동화증권 매입보장,현대건설
일반기업,현대건설,유동화증권 매입보장,현대건설
일반기업,현대건설,유동화증권 매입보장,현대건설
일반기업,현대건설,유동화증권 매입보장,현대건설
일반기업,현대건설,유동화증권 매입보장,현대건설
일반기업,현대건설,유동화증권 매입보장,현대건설
일반기업,현대건설,SPC 또는 유동화증권에 대한 신용보강,현대건설
일반기업,현대건설,SPC 또는 유동화증권에 대한 신용보강,현대건설
일반기업,현대건설,SPC 또는 유동화증권에 대한 신용보강,현대건설
일반기업,현대건설,SPC 또는 유동화증권에 대한 신용보강,현대건설
일반기업,현대건설,SPC 또는 유동화증권에 대한 신용보강,현대건설
일반기업,현대건설,SPC 또는 유동화증권에 대한 신용보강,현대건설
일반기업,현대건설,SPC 또는 유동화증권에 대한 신용보강,현대건설
일반기업,현대건설,SPC 또는 유동화증권에 대한 신용보강,현대건설
일반기업,현대건설,SPC 또는 유동화증권에 대한 신용보강,현대건설
일반기업,현대건설,SPC 또는 유동화증권에 대한 신용보강,현대건설
일반기업,현대건설,SPC 또는 유동화증권에 대한 신용보강,현대건설
일반기업,현대건설,SPC 또는 유동화증권에 대한 신용보강,현대건설
일반기업,현대건설,SPC 또는 유동화증권에 대한 신용보강,현대건설
일반기업,현대건설,SPC 또는 유동화증권에 대한 신용보강,현대건설
일반기업,현대건설,SPC 또는 유동화증권에 대한 신용보강,현대건설
일반기업,현대건설,SPC 또는 유동화증권에 대한 신용보강,현대건설
