플랜번호,발행인,증권종류,종목코드,종목명,발행일,만기일,옵션,모집구분,기초자산,통화,환율,발행금액,원화환산발행금액,표면이율,이자유형,한국신용평가,한국기업평가,NICE신용평가,서울신용평가,시/도,시/구,동/읍,상세주소,브릿지론/본PF,신용보강기관종류1,신용보강기관종류2,신용보강기관명1,신용보강기관명2,신용보강형태1,신용보강형태2,신용보강기관 신용등급,사업용도,사업용도 세부종목,시공사,시공사구간,시공사 신용등급,트렌치,전체 트렌치 수,전체 대출약정 규모(억 원),분양률(%)
64362,래피드호그제이십칠차,AB사채,KR6334071E14,래피드호그제이십칠차 4(사모/콜),20240105,20250530,CALL,사모,PF대출채권,KRW,,"31,530,848,000 ","31,530,848,000 ",5.15,고정-이표,,,,,,,,,,,,,,,,,,,,,,,,,
64340,디더블유양주제사차,AB사채,KR6468301E12,디더블유양주제사차 2(사모/콜/강제),20240102,20240921,CALL,사모,PF대출채권,KRW,,"8,000,000,000 ","8,000,000,000 ",7.5,고정-이표,A,,,,,,,,,,,,,,,,,,,,,,,,
64339,트레쥬어마운틴제이차,AB사채,KR6474001E13,트레쥬어마운틴제이차 1(사모/콜),20240102,20241219,CALL,사모,PF대출채권,KRW,,"40,000,000,000 ","40,000,000,000 ",5.6,고정-이표,AA-,,,,,,,,,,,,,,,,,,,,,,,,
64319,글로리부대제삼차,AB사채,KR6473211DC1,글로리부대제삼차 1(사모/콜),20231228,20241224,CALL,사모,PF대출채권,KRW,,"10,000,000,000 ","10,000,000,000 ",8.3,고정-이표,,,,,,,,,,,,,,,,,,,,,,,,,
64318,글로리부대제이차,AB사채,KR6473201DC2,글로리부대제이차 1-1(사모/콜),20231228,20241224,CALL,사모,PF대출채권,KRW,,"10,000,000,000 ","10,000,000,000 ",7,고정-이표,,,,,,,,,,,,,,,,,,,,,,,,,
64318,글로리부대제이차,AB사채,KR6473202DC0,글로리부대제이차 1-2(사모/콜),20231228,20241224,CALL,사모,PF대출채권,KRW,,"15,000,000,000 ","15,000,000,000 ",7.3,고정-이표,,,,,,,,,,,,,,,,,,,,,,,,,
64318,글로리부대제이차,AB사채,KR6473203DC8,글로리부대제이차 1-3(사모/콜),20231228,20241224,CALL,사모,PF대출채권,KRW,,"7,000,000,000 ","7,000,000,000 ",9.2,고정-이표,,,,,,,,,,,,,,,,,,,,,,,,,
64290,케이비권선유동화전문,ABS,KR6474471DC0,케이비권선유동화전문1(강제),20231227,20260630,옵션해당없음,공모,PF대출채권,KRW,,"47,000,000,000 ","47,000,000,000 ",4.53,고정-이표,,,AA+,,,,,,,,,,,,,,,,,,,,,,
64283,슈크림제일차,AB사채,KR6474161DC7,슈크림제일차 1(사모),20231226,20241218,옵션해당없음,사모,PF대출채권,KRW,,"100,000,000,000 ","100,000,000,000 ",6.05,고정-단리,,AA-,AA-,,,,,,,,,,,,,,,,,,,,,,
64270,플랜업구조화제일차,AB사채,KR6466081DC7,플랜업구조화제일차3(사모),20231222,20240222,옵션해당없음,사모,PF대출채권,KRW,,"56,400,000,000 ","56,400,000,000 ",7.3,고정-단리,,,,,,,,,,,,,,,,,,,,,,,,,
64198,골든아일랜드제일차,AB사채,KR6474031DC2,골든아일랜드제일차1(사모/콜),20231215,20260815,CALL,사모,PF대출채권,KRW,,"20,000,000,000 ","20,000,000,000 ",6.28,변동-이표,,,AA-,,,,,,,,,,,,,,,,,,,,,,
64151,쿼드디엘에스제일차유동화전문,ABS,KR6471641DC1,쿼드디엘에스제일차유동화전문 1(콜/강제),20231214,20260930,CALL,공모,PF대출채권,KRW,,"53,000,000,000 ","53,000,000,000 ",4.68,고정-이표,,AAA,AAA,,,,,,,,,,,,,,,,,,,,,,
63324,하이메타버스서퍼제이십차,AB사채,KR6445251DC2,하이메타버스서퍼제이십차5(사모/콜),20231213,20240728,CALL,사모,PF대출채권,KRW,,"200,000,000 ","200,000,000 ",8,고정-이표,,,,,,,,,,,,,,,,,,,,,,,,,
64136,비욘드스카이제오차,AB사채,KR6473661DC7,비욘드스카이제오차1(사모/콜/강제),20231212,20241211,CALL,사모,PF대출채권,KRW,,"35,000,000,000 ","35,000,000,000 ",6.05,고정-이표,,AA-,AA-,,,,,,,,,,,,,,,,,,,,,,
64097,마인드유닛,AB사채,KR6473671DC6,마인드유닛 1(사모/콜),20231207,20240719,CALL,사모,PF대출채권,KRW,,"115,000,000,000 ","115,000,000,000 ",4.5,고정-이표,,,,,,,,,,,,,,,,,,,,,,,,,
64097,마인드유닛,AB사채,KR6473672DC4,마인드유닛 2(사모/콜),20231207,20250119,CALL,사모,PF대출채권,KRW,,"440,000,000 ","440,000,000 ",4.5,고정-이표,,,,,,,,,,,,,,,,,,,,,,,,,
64089,뉴스타반포3제일차유동화전문,ABS,KR6473521DC3,뉴스타반포3제일차유동화전문1(강제),20231206,20260930,옵션해당없음,공모,PF대출채권,KRW,,"200,000,000,000 ","200,000,000,000 ",4.67,고정-이표,AA+,AA+,,,,,,,,건설사,,삼성물산(주),,연대보증,,,공동주택,,,,,,,,
62002,모던인베스트,AB사채,KR6449911DB9,모던인베스트 4(사모/강제),20231124,20240524,옵션해당없음,사모,PF대출채권,KRW,,"600,000,000 ","600,000,000 ",5.5,고정-이표,,,,,,,,,,,,,,,,,,,,,,,,,
63917,케이비온천4유동화전문,ABS,KR6472341DB9,케이비온천4유동화전문1(강제),20231123,20241125,옵션해당없음,공모,PF대출채권,KRW,,"330,000,000,000 ","330,000,000,000 ",4.88,고정-이표,AA+,,AA+,,,,,,,,,,,,,,,,,,,,,,
63928,쿼드더퍼스트제일차유동화전문,ABS,KR6468491DB8,쿼드더퍼스트제일차유동화전문 1(사모/콜),20231123,20261230,CALL,사모,PF대출채권,KRW,,"100,000,000,000 ","100,000,000,000 ",5.35,고정-이표,AAA,,AAA,,,,,,,,,,,,,,,,,,,,,,
63845,비욘드사우제삼차,AB사채,KR6405671DB1,비욘드사우제삼차 4(사모/콜),20231120,20241119,CALL,사모,PF대출채권,KRW,,"16,000,000,000 ","16,000,000,000 ",8,고정-이표,,,,,,,,,,,,,,,,,,,,,,,,,
63852,디비닉스 제삼십구차,AB사채,KR6471621DB5,디비닉스제삼십구차1(사모/콜),20231116,20260905,CALL,사모,PF대출채권,KRW,,"45,000,000,000 ","45,000,000,000 ",5.2,고정-이표,,,,,,,,,,,,,,,,,,,,,,,,,
63833,뉴스타드림제이차,AB사채,KR6472521DB6,뉴스타드림제이차 1(사모/콜),20231115,20241115,CALL,사모,PF대출채권,KRW,,"24,000,000,000 ","24,000,000,000 ",10,고정-이표,,,,,,,,,,,,,,,,,,,,,,,,,
63804,에스엘티안산제이차,AB사채,KR6472321DB1,에스엘티안산제이차1(사모/콜/강제),20231113,20250513,CALL,사모,PF대출채권,KRW,,"100,000,000,000 ","100,000,000,000 ",9,고정-이표,,,,,,,,,,,,,,,,,,,,,,,,,
63813,에프엔안산제일차,AB사채,KR6472091DB0,에프엔안산제일차 1(사모/콜/강제),20231113,20250513,CALL,사모,PF대출채권,KRW,,"30,000,000,000 ","30,000,000,000 ",7.8,고정-이표,,,,,,,,,,,,,,,,,,,,,,,,,
63324,하이메타버스서퍼제이십차,AB사채,KR6445251DB4,하이메타버스서퍼제이십차4(사모/콜),20231101,20240728,CALL,사모,PF대출채권,KRW,,"500,000,000 ","500,000,000 ",7.5,고정-이표,,,,,,,,,,,,,,,,,,,,,,,,,
63624,마크엑스제일차,AB사채,KR6471101DA0,마크엑스제일차1(사모),20231030,20241028,옵션해당없음,사모,PF대출채권,KRW,,"1,600,000,000 ","1,600,000,000 ",20.463,고정-할인,,,,,,,,,,,,,,,,,,,,,,,,,
63324,하이메타버스서퍼제이십차,AB사채,KR6445252DA4,하이메타버스서퍼제이십차3(사모/콜),20231030,20240728,CALL,사모,PF대출채권,KRW,,"400,000,000 ","400,000,000 ",7.5,고정-이표,,,,,,,,,,,,,,,,,,,,,,,,,
63637,뉴스타이문1제이차유동화전문,ABS,KR6466901DA0,뉴스타이문1제이차유동화전문1(강제),20231027,20250227,옵션해당없음,공모,PF대출채권,KRW,,"175,000,000,000 ","175,000,000,000 ",4.94,고정-이표,AA+,AA+,,,,,,,,,,,,,,,,,,,,,,,
63574,드림비엔경산,AB사채,KR6447561DA6,드림비엔경산3(사모/콜),20231020,20241118,CALL,사모,PF대출채권,KRW,,"52,600,000,000 ","52,600,000,000 ",6.5,고정-이표,,,,,,,,,,,,,,,,,,,,,,,,,
63556,비욘드스카이제이차,AB사채,KR6470081DA5,비욘드스카이제이차1(사모/강제),20231020,20240430,옵션해당없음,사모,PF대출채권,KRW,,"20,000,000,000 ","20,000,000,000 ",5.2,고정-이표,,AA-,AA-,,,,,,,,,,,,,,,,,,,,,,
63324,하이메타버스서퍼제이십차,AB사채,KR6445251DA6,하이메타버스서퍼제이십차2(사모/콜),20231020,20240728,CALL,사모,PF대출채권,KRW,,"500,000,000 ","500,000,000 ",7.5,고정-이표,,,,,,,,,,,,,,,,,,,,,,,,,
63491,뉴딜배방신도제일차,AB사채,KR6412521DA1,뉴딜배방신도제일차2(사모/콜),20231013,20240930,CALL,사모,PF대출채권,KRW,,"5,000,000,000 ","5,000,000,000 ",8.3,고정-이표,,,,,,,,,,,,,,,,,,,,,,,,,
63472,에이치케이논현제일차,AB사채,KR6469571DA8,에이치케이논현제일차 1(사모/콜),20231012,20240203,CALL,사모,PF대출채권,KRW,,"9,000,000,000 ","9,000,000,000 ",12,고정-이표,,,,,,,,,,,,,,,,,,,,,,,,,
63415,비케이한남원,AB사채,KR6459181DA8,비케이한남원 3(사모/콜),20231005,20240617,CALL,사모,PF대출채권,KRW,,"10,000,000,000 ","10,000,000,000 ",7.5,고정-이표,,,,,,,,,,,,,,,,,,,,,,,,,
63390,비케이서현제일차,AB사채,KR6445941DA2,비케이서현제일차2(사모/콜),20231004,20240330,CALL,사모,PF대출채권,KRW,,"7,000,000,000 ","7,000,000,000 ",10,고정-이표,,,,,,,,,,,,,,,,,,,,,,,,,
57498,알파온수제오차,AB사채,KR6429451DA2,알파온수제오차2(사모/콜),20231004,20240930,CALL,사모,PF대출채권,KRW,,"15,000,000,000 ","15,000,000,000 ",9,고정-이표,,,,,,,,,,,,,,,,,,,,,,,,,
63295,디앙스트제일차,AB사채,KR6402141D99,디앙스트제일차 2(사모/콜),20230927,20240927,CALL,사모,PF대출채권,KRW,,"5,000,000,000 ","5,000,000,000 ",8,고정-이표,,,,,,,,,,,,,,,,,,,,,,,,,
63322,마일스톤클래식,AB사채,KR6453391D99,마일스톤클래식1(사모/콜),20230927,20260928,CALL,사모,PF대출채권,KRW,,"11,000,000,000 ","11,000,000,000 ",6.7,고정-이표,,,,,,,,,,,,,,,,,,,,,,,,,
63375,에스에프부천제이차,AB사채,KR6466161D99,에스에프부천제이차2(사모),20230927,20240831,옵션해당없음,사모,PF대출채권,KRW,,"10,000,000,000 ","10,000,000,000 ",8.5,고정-이표,,,,,,,,,,,,,,,,,,,,,,,,,
63270,뉴스타용답유동화전문,ABS,KR6464961D96,뉴스타용답유동화전문1(콜/강제),20230926,20270131,CALL,공모,PF대출채권,KRW,,"170,000,000,000 ","170,000,000,000 ",4.8,고정-이표,,AAA,AAA,,,,,,,,,,,,,,,,,,,,,,
63324,하이메타버스서퍼제이십차,AB사채,KR6445251D94,하이메타버스서퍼제이십차 1(사모/콜),20230925,20240728,CALL,사모,PF대출채권,KRW,,"900,000,000 ","900,000,000 ",7.5,고정-이표,,,,,,,,,,,,,,,,,,,,,,,,,
63283,비욘드성성제이차,AB사채,KR6393191D99,비욘드성성제이차3-1(사모/콜),20230922,20240430,CALL,사모,PF대출채권,KRW,,"1,000,000,000 ","1,000,000,000 ",8,고정-이표,,,,,,,,,,,,,,,,,,,,,,,,,
63283,비욘드성성제이차,AB사채,KR6393192D98,비욘드성성제이차3-2(사모/콜),20230922,20240430,CALL,사모,PF대출채권,KRW,,"1,000,000,000 ","1,000,000,000 ",9.3,고정-이표,,,,,,,,,,,,,,,,,,,,,,,,,
63244,알에이해운대제오차,AB사채,KR6443321D95,알에이해운대제오차1-1(사모),20230922,20240223,옵션해당없음,사모,PF대출채권,KRW,,"20,000,000,000 ","20,000,000,000 ",9.34,고정-할인,,,,,,,,,,,,,,,,,,,,,,,,,
63244,알에이해운대제오차,AB사채,KR6443322D94,알에이해운대제오차1-2(사모/강제),20230922,20240223,옵션해당없음,사모,PF대출채권,KRW,,"20,000,000,000 ","20,000,000,000 ",8.5,고정-이표,,,,,,,,,,,,,,,,,,,,,,,,,
62618,리멤버제일차,AB사채,KR6463831D96,리멤버제일차 1(사모/콜),20230921,20240719,CALL,사모,PF대출채권,KRW,,"145,000,000,000 ","145,000,000,000 ",7,고정-이표,,,,,,,,,,,,,,,,,,,,,,,,,
62619,민스크제일차,AB사채,KR6463851D91,민스크제일차1(사모/콜),20230921,20240719,CALL,사모,PF대출채권,KRW,,"30,000,000,000 ","30,000,000,000 ",11.3,고정-이표,,,,,,,,,,,,,,,,,,,,,,,,,
63157,챔피언안산유동화제일차,AB사채,KR6463012D97,챔피언안산유동화제일차 2(사모/콜/강제),20230921,20241011,CALL,사모,PF대출채권,KRW,,"4,000,000,000 ","4,000,000,000 ",10,고정-이표,,,,,,,,,,,,,,,,,,,,,,,,,
63194,계산베가제일차,AB사채,KR6467041D93,계산베가제일차2(사모/콜),20230920,20240920,CALL,사모,PF대출채권,KRW,,"20,000,000,000 ","20,000,000,000 ",5,고정-이표,,,,,,,,,,,,,,,,,,,,,,,,,
63242,디더블유양주제삼차,AB사채,KR6468111D96,디더블유양주제삼차 1(사모/콜/강제),20230920,20240921,CALL,사모,PF대출채권,KRW,,"20,000,000,000 ","20,000,000,000 ",6,고정-이표,A,,A,,,,,,,,,,,,,,,,,,,,,,
63243,디더블유양주제이차,AB사채,KR6468101D98,디더블유양주제이차 1(사모/콜/강제),20230920,20240921,CALL,사모,PF대출채권,KRW,,"20,000,000,000 ","20,000,000,000 ",7.5,고정-이표,A,,A,,,,,,,,,,,,,,,,,,,,,,
63197,글로리첨단제일차,AB사채,KR6462211D98,글로리첨단제일차 1-1(사모/콜),20230918,20270320,CALL,사모,PF대출채권,KRW,,"9,900,000,000 ","9,900,000,000 ",8.5,고정-이표,,,,,,,,,,,,,,,,,,,,,,,,,
63197,글로리첨단제일차,AB사채,KR6462212D97,글로리첨단제일차 1-2(사모/콜),20230918,20270320,CALL,사모,PF대출채권,KRW,,"5,100,000,000 ","5,100,000,000 ",8.5,고정-이표,,,,,,,,,,,,,,,,,,,,,,,,,
63190,비욘드운정제이차,AB사채,KR6467161D97,비욘드운정제이차1(사모/강제),20230918,20240315,옵션해당없음,사모,PF대출채권,KRW,,"30,000,000,000 ","30,000,000,000 ",5.2,고정-이표,,AA-,AA-,,,,,,,,,,,,,,,,,,,,,,
63211,실버라이닝제삼차,AB사채,KR6467911D90,실버라이닝제삼차1(사모/콜),20230918,20270918,CALL,사모,PF대출채권,KRW,,"15,000,000,000 ","15,000,000,000 ",9,고정-이표,,,,,,,,,,,,,,,,,,,,,,,,,
63205,힐포트리스,AB사채,KR6434231D93,힐포트리스3(사모/콜),20230918,20240918,CALL,사모,PF대출채권,KRW,,"1,500,000,000 ","1,500,000,000 ",8.5,고정-이표,,,,,,,,,,,,,,,,,,,,,,,,,
63157,챔피언안산유동화제일차,AB사채,KR6463011D98,챔피언안산유동화제일차 1(사모/콜/강제),20230914,20241011,CALL,사모,PF대출채권,KRW,,"5,000,000,000 ","5,000,000,000 ",10,고정-이표,,,,,,,,,,,,,,,,,,,,,,,,,
63116,에프엔우동제이차,AB사채,KR6421641D94,에프엔우동제이차2(사모/콜),20230911,20240210,CALL,사모,PF대출채권,KRW,,"5,000,000,000 ","5,000,000,000 ",9,고정-이표,,,,,,,,,,,,,,,,,,,,,,,,,
63070,제이엠제이제구차,AB사채,KR6465801D97,제이엠제이제구차 1-1(사모/콜),20230906,20240728,CALL,사모,PF대출채권,KRW,,"200,000,000 ","200,000,000 ",11.36,고정-이표,,,,,,,,,,,,,,,,,,,,,,,,,
63070,제이엠제이제구차,AB사채,KR6465802D96,제이엠제이제구차 1-2(사모/콜),20230906,20240728,CALL,사모,PF대출채권,KRW,,"1,700,000,000 ","1,700,000,000 ",8,고정-이표,,,,,,,,,,,,,,,,,,,,,,,,,
62967,드림디오반제일차,AB사채,KR6398501D85,드림디오반제일차2(사모/콜/강제),20230831,20240701,CALL,사모,PF대출채권,KRW,,"2,000,000,000 ","2,000,000,000 ",13,고정-이표,,,,,,,,,,,,,,,,,,,,,,,,,
62964,비욘드부대제일차,AB사채,KR6393203D87,비욘드부대제일차5(사모/콜),20230831,20240430,CALL,사모,PF대출채권,KRW,,"800,000,000 ","800,000,000 ",9,고정-이표,,,,,,,,,,,,,,,,,,,,,,,,,
62885,디벨롭고양,AB사채,KR6369531D80,디벨롭고양3(사모/콜),20230830,20241213,CALL,사모,PF대출채권,KRW,,"21,600,000,000 ","21,600,000,000 ",6.5,고정-이표,,,,,,,,,,,,,,,,,,,,,,,,,
62986,상봉제일차유동화전문,ABS,KR6465911D86,상봉제일차유동화전문 1(사모/콜/강제),20230830,20260902,CALL,사모,PF대출채권,KRW,,"20,000,000,000 ","20,000,000,000 ",4.8,고정-이표,,AAA,,,,,,,,,,,,,,,,,,,,,,,
62953,비욘드성성제이차,AB사채,KR6393194D88,비욘드성성제이차 2(사모/콜),20230829,20240430,CALL,사모,PF대출채권,KRW,,"15,000,000,000 ","15,000,000,000 ",8,고정-이표,,,,,,,,,,,,,,,,,,,,,,,,,
62952,선문제삼차,AB사채,KR6441861D87,선문제삼차2(사모/콜/강제),20230829,20240829,CALL,사모,PF대출채권,KRW,,"3,300,000,000 ","3,300,000,000 ",10,변동-이표,,,,,,,,,,,,,,,,,,,,,,,,,
62928,더블유에스제일차유동화전문,ABS,KR6464651D83,더블유에스제일차유동화전문1(콜/강제),20230825,20280205,CALL,공모,PF대출채권,KRW,,"15,000,000,000 ","15,000,000,000 ",5.05,고정-이표,AAA,AAA,,,,,,,,,,,,,,,,,,,,,,,
62922,드림베르힐회천제일차,AB사채,KR6411451D86,드림베르힐회천제일차4(사모/콜),20230825,20240809,CALL,사모,PF대출채권,KRW,,"175,245,245,520 ","175,245,245,520 ",5.4,고정-이표,,,,,,,,,,,,,,,,,,,,,,,,,
62457,비욘드미사제일차,AB사채,KR6462961D82,비욘드미사제일차 1(사모/강제),20230824,20240430,옵션해당없음,사모,PF대출채권,KRW,,"14,500,000,000 ","14,500,000,000 ",5.3,고정-이표,,AA-,AA-,,,,,,,,,,,,,,,,,,,,,,
62879,디비아레나제십구차,AB사채,KR6422501D83,디비아레나제십구차3(사모/콜),20230823,20240807,CALL,사모,PF대출채권,KRW,,"7,000,000,000 ","7,000,000,000 ",6.1,고정-이표,,,,,,,,,,,,,,,,,,,,,,,,,
62878,디비아레나제십팔차,AB사채,KR6422491D85,디비아레나제십팔차3(사모/콜),20230823,20240807,CALL,사모,PF대출채권,KRW,,"16,200,000,000 ","16,200,000,000 ",6,고정-이표,,,,,,,,,,,,,,,,,,,,,,,,,
62869,비욘드부대제일차,AB사채,KR6393201D89,비욘드부대제일차4-1(사모/콜),20230821,20240430,CALL,사모,PF대출채권,KRW,,"20,000,000,000 ","20,000,000,000 ",7.9,고정-이표,,,,,,,,,,,,,,,,,,,,,,,,,
62869,비욘드부대제일차,AB사채,KR6393202D88,비욘드부대제일차4-2(사모/콜),20230821,20240430,CALL,사모,PF대출채권,KRW,,"2,200,000,000 ","2,200,000,000 ",6.9,고정-이표,,,,,,,,,,,,,,,,,,,,,,,,,
62870,비욘드성성제이차,AB사채,KR6393191D81,비욘드성성제이차 1-1(사모/콜),20230821,20240430,CALL,사모,PF대출채권,KRW,,"10,000,000,000 ","10,000,000,000 ",8.5,고정-이표,,,,,,,,,,,,,,,,,,,,,,,,,
62870,비욘드성성제이차,AB사채,KR6393192D80,비욘드성성제이차 1-2(사모/콜),20230821,20240430,CALL,사모,PF대출채권,KRW,,"7,000,000,000 ","7,000,000,000 ",8,고정-이표,,,,,,,,,,,,,,,,,,,,,,,,,
62870,비욘드성성제이차,AB사채,KR6393193D89,비욘드성성제이차 1-3(사모/콜),20230821,20240430,CALL,사모,PF대출채권,KRW,,"1,000,000,000 ","1,000,000,000 ",8.7,고정-이표,,,,,,,,,,,,,,,,,,,,,,,,,
62796,비욘드봉명제일차,AB사채,KR6464731D87,비욘드봉명제일차1(사모/강제),20230817,20240329,옵션해당없음,사모,PF대출채권,KRW,,"46,500,000,000 ","46,500,000,000 ",5.15,고정-이표,,AA-,AA-,,,,,,,,,,,,,,,,,,,,,,
62723,에이치고색,AB사채,KR6464661D81,에이치고색 1(사모/콜),20230803,20240806,CALL,사모,PF대출채권,KRW,,"24,000,000,000 ","24,000,000,000 ",5.9,고정-이표,,,A+,,,,,,,,,,,,,,,,,,,,,,
62707,베르테르제오차,AB사채,KR6459491D87,베르테르제오차 1(사모/콜),20230801,20270623,CALL,사모,PF대출채권,KRW,,"15,000,000,000 ","15,000,000,000 ",9.3,고정-이표,,,,,,,,,,,,,,,,,,,,,,,,,
62708,시카리오제일차,AB사채,KR6358671D83,시카리오제일차6(사모/콜),20230801,20240801,CALL,사모,PF대출채권,KRW,,"9,700,000,000 ","9,700,000,000 ",5.6,고정-이표,,,,,,,,,,,,,,,,,,,,,,,,,
62689,비욘드부대제일차,AB사채,KR6393202D70,비욘드부대제일차3(사모/콜),20230731,20240430,CALL,사모,PF대출채권,KRW,,"3,000,000,000 ","3,000,000,000 ",7.5,고정-이표,,,,,,,,,,,,,,,,,,,,,,,,,
62702,비욘드캐슬명륜에이,AB사채,KR6382591D72,비욘드캐슬명륜에이8(사모/콜),20230731,20240131,CALL,사모,PF대출채권,KRW,,"1,227,000,000 ","1,227,000,000 ",15,고정-이표,,,,,,,,,,,,,,,,,,,,,,,,,
62629,뉴스타개봉오구역유동화전문,ABS,KR6462371D78,뉴스타개봉오구역유동화전문1(콜/강제),20230728,20250328,CALL,공모,PF대출채권,KRW,,"40,000,000,000 ","40,000,000,000 ",4.445,고정-이표,AAA,AAA,,,,,,,,,,,,,,,,,,,,,,,
62671,키스해운대제삼차,AB사채,KR6419191D76,키스해운대제삼차1(사모/콜),20230728,20250928,CALL,사모,PF대출채권,KRW,,"15,000,000,000 ","15,000,000,000 ",6.66,변동-이표,,,,,,,,,,,,,,,,,,,,,,,,,
62624,디어버디제십차,AB사채,KR6464071D77,디어버디제십차1-1(사모/콜),20230727,20250117,CALL,사모,PF대출채권,KRW,,"23,000,000,000 ","23,000,000,000 ",5.05,고정-이표,,,,,,,,,,,,,,,,,,,,,,,,,
62625,디어버디제십차,AB사채,KR6464072D76,디어버디제십차1-2(사모/콜),20230727,20250117,CALL,사모,PF대출채권,KRW,,"27,000,000,000 ","27,000,000,000 ",5.05,고정-이표,,,,,,,,,,,,,,,,,,,,,,,,,
62652,에이치케이포남제일차,AB사채,KR6464111D79,에이치케이포남제일차1(사모/콜),20230726,20261231,CALL,사모,PF대출채권,KRW,,"2,000,000,000 ","2,000,000,000 ",9,고정-이표,,,,,,,,,,,,,,,,,,,,,,,,,
62622,디비닉스 제삼십팔차,AB사채,KR6463931D79,디비닉스제삼십팔차1-1(사모/콜),20230724,20240724,CALL,사모,PF대출채권,KRW,,"10,200,000,000 ","10,200,000,000 ",5.95,고정-이표,,,,,,,,,,,,,,,,,,,,,,,,,
62622,디비닉스 제삼십팔차,AB사채,KR6463932D78,디비닉스제삼십팔차1-2(사모/콜),20230724,20240724,CALL,사모,PF대출채권,KRW,,"3,200,000,000 ","3,200,000,000 ",5.96,고정-이표,,,,,,,,,,,,,,,,,,,,,,,,,
62626,케이테라제이차,AB사채,KR6463881D79,케이테라제이차 2(사모/콜),20230724,20240923,CALL,사모,PF대출채권,KRW,,"16,820,000,000 ","16,820,000,000 ",5.45,고정-이표,,,,,,,,,,,,,,,,,,,,,,,,,
62628,케이테라제일차,AB사채,KR6463901D75,케이테라제일차2(사모/콜),20230724,20240923,CALL,사모,PF대출채권,KRW,,"14,560,000,000 ","14,560,000,000 ",5.45,고정-이표,,,,,,,,,,,,,,,,,,,,,,,,,
62593,드림베스트노블제이차,AB사채,KR6460501D75,드림베스트노블제이차1(사모/콜),20230719,20240720,CALL,사모,PF대출채권,KRW,,"2,000,000,000 ","2,000,000,000 ",11,고정-이표,,,,,,,,,,,,,,,,,,,,,,,,,
62597,비엔케이멀티제삼차,AB사채,KR6435511D75,비엔케이멀티제삼차1(사모/강제),20230719,20260503,옵션해당없음,사모,PF대출채권,KRW,,"5,000,000,000 ","5,000,000,000 ",7,고정-이표,,,,,,,,,,,,,,,,,,,,,,,,,
62585,와이에이홀딩스,AB사채,KR6424261D71,와이에이홀딩스 3(사모/콜),20230718,20240718,CALL,사모,PF대출채권,KRW,,"1,500,000,000 ","1,500,000,000 ",8.5,고정-이표,,,,,,,,,,,,,,,,,,,,,,,,,
62280,딜라이트에스,AB사채,KR6449921D70,딜라이트에스 3(사모/강제),20230714,20240618,옵션해당없음,사모,PF대출채권,KRW,,"20,000,000,000 ","20,000,000,000 ",5.5,고정-이표,,,,,,,,,,,,,,,,,,,,,,,,,
62539,비욘드부대제일차,AB사채,KR6393201D71,비욘드부대제일차2(사모/콜),20230714,20240430,CALL,사모,PF대출채권,KRW,,"10,000,000,000 ","10,000,000,000 ",8.5,고정-이표,,,,,,,,,,,,,,,,,,,,,,,,,
62537,더블랙코리아,AB사채,KR6421901D73,더블랙코리아 5-1(사모/콜),20230713,20250110,CALL,사모,PF대출채권,KRW,,"1,400,000,000 ","1,400,000,000 ",10,고정-이표,,,,,,,,,,,,,,,,,,,,,,,,,
62465,캐슈넛블랙,AB사채,KR6462991D78,캐슈넛블랙1(사모/콜),20230707,20240707,CALL,사모,PF대출채권,KRW,,"30,000,000,000 ","30,000,000,000 ",4.8,고정-이표,,,,,,,,,,,,,,,,,,,,,,,,,
62412,비욘드부대제일차,AB사채,KR6393201D63,비욘드부대제일차1(사모/콜),20230630,20240430,CALL,사모,PF대출채권,KRW,,"12,000,000,000 ","12,000,000,000 ",7,고정-이표,,,,,,,,,,,,,,,,,,,,,,,,,
62430,에이블대명제일차,AB사채,KR6462551D62,에이블대명제일차1(사모/콜),20230630,20260330,CALL,사모,PF대출채권,KRW,,"18,000,000,000 ","18,000,000,000 ",6,고정-이표,,,,,,,,,,,,,,,,,,,,,,,,,
62421,에이치케이약사제일차,AB사채,KR6462891D61,에이치케이약사제일차1(사모/콜),20230630,20280703,CALL,사모,PF대출채권,KRW,,"2,000,000,000 ","2,000,000,000 ",8.86,고정-이표,,,,,,,,,,,,,,,,,,,,,,,,,
62351,이오엔나인,AB사채,KR6426821D61,이오엔나인5-1(사모/콜),20230629,20240329,CALL,사모,PF대출채권,KRW,,"11,300,000,000 ","11,300,000,000 ",7,고정-단리,,,,,,,,,,,,,,,,,,,,,,,,,
62360,비케이한남원,AB사채,KR6459182D65,비케이한남원2(사모/콜),20230628,20240617,CALL,사모,PF대출채권,KRW,,"15,100,000,000 ","15,100,000,000 ",5.8,고정-이표,,,,,,,,,,,,,,,,,,,,,,,,,
62342,비케이한남원,AB사채,KR6459181D66,비케이한남원1(사모/콜),20230627,20240617,CALL,사모,PF대출채권,KRW,,"10,000,000,000 ","10,000,000,000 ",7.5,고정-이표,,,,,,,,,,,,,,,,,,,,,,,,,
62338,오스피셔스제삼차,AB사채,KR6436731D69,오스피셔스제삼차3(사모/콜),20230627,20240624,CALL,사모,PF대출채권,KRW,,"3,500,000,000 ","3,500,000,000 ",10,고정-이표,,,,,,,,,,,,,,,,,,,,,,,,,
62293,케이동지제일차,AB사채,KR6426791D67,케이동지제일차2(사모/콜),20230622,20240808,CALL,사모,PF대출채권,KRW,,"5,800,000,000 ","5,800,000,000 ",5.05,고정-이표,,,,,,,,,,,,,,,,,,,,,,,,,
62280,딜라이트에스,AB사채,KR6449921D62,딜라이트에스 2(사모/강제),20230620,20240618,옵션해당없음,사모,PF대출채권,KRW,,"16,000,000,000 ","16,000,000,000 ",5.5,고정-이표,,,,,,,,,,,,,,,,,,,,,,,,,
62225,디비아폴로제이십팔차,AB사채,KR6433941D62,디비아폴로제이십팔차2(사모/콜),20230619,20240816,CALL,사모,PF대출채권,KRW,,"27,900,000,000 ","27,900,000,000 ",6.05,고정-이표,,,,,,,,,,,,,,,,,,,,,,,,,
62157,뉴스타장위제십구역유동화전문,ABS,KR6455561D64,뉴스타장위제십구역유동화전문1(콜/강제),20230615,20270228,CALL,공모,PF대출채권,KRW,,"300,000,000,000 ","300,000,000,000 ",4.579,고정-이표,AAA,AAA,,,,,,,,,,,,,,,,,,,,,,,
62187,비욘드파인트리제일차,AB사채,KR6405021D63,비욘드파인트리제일차4(사모/콜),20230614,20240414,CALL,사모,PF대출채권,KRW,,"2,000,000,000 ","2,000,000,000 ",8.5,고정-이표,,,,,,,,,,,,,,,,,,,,,,,,,
62155,와이케이에스디제일차,AB사채,KR6461291D69,와이케이에스디제일차 1(사모/강제),20230609,20240609,옵션해당없음,사모,PF대출채권,KRW,,"30,000,000,000 ","30,000,000,000 ",6.96,변동-이표,,,,,,,,,,,,,,,,,,,,,,,,,
62124,피넛골드,AB사채,KR6459951D64,피넛골드 1(사모/강제),20230608,20260608,옵션해당없음,사모,PF대출채권,KRW,,"14,000,000,000 ","14,000,000,000 ",7.5,고정-이표,,,,,,,,,,,,,,,,,,,,,,,,,
52935,비욘드이목제일차,AB사채,KR6390171D65,비욘드이목제일차5-1-1(사모/콜/강제),20230605,20240719,CALL,사모,PF대출채권,KRW,,"60,000,000,000 ","60,000,000,000 ",5,고정-이표,,,,,,,,,,,,,,,,,,,,,,,,,
52935,비욘드이목제일차,AB사채,KR6390172D64,비욘드이목제일차5-1-2(사모/콜/강제),20230605,20240719,CALL,사모,PF대출채권,KRW,,"68,971,800,000 ","68,971,800,000 ",5,고정-이표,,,,,,,,,,,,,,,,,,,,,,,,,
52935,비욘드이목제일차,AB사채,KR6390173D63,비욘드이목제일차5-1-3(사모/콜/강제),20230605,20240719,CALL,사모,PF대출채권,KRW,,"60,000,000,000 ","60,000,000,000 ",5,고정-이표,,,,,,,,,,,,,,,,,,,,,,,,,
52935,비욘드이목제일차,AB사채,KR6390174D62,비욘드이목제일차5-1-4(사모/콜/강제),20230605,20240719,CALL,사모,PF대출채권,KRW,,"30,000,000,000 ","30,000,000,000 ",5,고정-이표,,,,,,,,,,,,,,,,,,,,,,,,,
62117,비욘드이목제일차,AB사채,KR6390175D61,비욘드이목제일차5-2(사모/콜/강제),20230605,20250419,CALL,사모,PF대출채권,KRW,,"50,300,000,000 ","50,300,000,000 ",5.3,고정-이표,,,,,,,,,,,,,,,,,,,,,,,,,
62064,나이스권선유동화전문,ABS,KR6458021D62,나이스권선유동화전문1(강제),20230601,20260331,옵션해당없음,공모,PF대출채권,KRW,,"113,000,000,000 ","113,000,000,000 ",4.41,고정-이표,AA+,,AA+,,,,,,,,,,,,,,,,,,,,,,
62091,강남메디칼제일차,AB사채,KR6459711D57,강남메디칼제일차1(사모/콜),20230531,20260930,CALL,사모,PF대출채권,KRW,,"20,000,000,000 ","20,000,000,000 ",9.6,고정-이표,,,,,,,,,,,,,,,,,,,,,,,,,
62030,에스앤비그린제이차,AB사채,KR6459841D50,에스앤비그린제이차1(사모/콜/강제),20230530,20240229,CALL,사모,PF대출채권,KRW,,"22,000,000,000 ","22,000,000,000 ",8.7,고정-이표,,,,,,,,,,,,,,,,,,,,,,,,,
62046,케이아이에스운정제일차,AB사채,KR6388441D55,케이아이에스운정제일차4(사모/콜),20230530,20240718,CALL,사모,PF대출채권,KRW,,"48,350,000,000 ","48,350,000,000 ",5.6,고정-이표,,,AAA,,,,,,,,,,,,,,,,,,,,,,
61988,더블랙코리아,AB사채,KR6421901D57,더블랙코리아4-1(사모/콜),20230525,20250110,CALL,사모,PF대출채권,KRW,,"4,000,000,000 ","4,000,000,000 ",10,고정-이표,,,,,,,,,,,,,,,,,,,,,,,,,
62002,모던인베스트,AB사채,KR6449911D56,모던인베스트 2(사모/강제),20230525,20240524,옵션해당없음,사모,PF대출채권,KRW,,"6,000,000,000 ","6,000,000,000 ",5.5,고정-이표,,,,,,,,,,,,,,,,,,,,,,,,,
61943,에프엔남천제이차,AB사채,KR6458821D56,에프엔남천제이차1(사모/콜/강제),20230523,20241125,CALL,사모,PF대출채권,KRW,,"40,000,000,000 ","40,000,000,000 ",7.7,고정-이표,,,,,,,,,,,,,,,,,,,,,,,,,
61937,힐포트리스,AB사채,KR6434231D51,힐포트리스2(사모/콜),20230523,20240523,CALL,사모,PF대출채권,KRW,,"1,000,000,000 ","1,000,000,000 ",8.5,고정-이표,,,,,,,,,,,,,,,,,,,,,,,,,
61904,묵동제일차유동화전문,ABS,KR6458521D59,묵동제일차유동화전문1(사모/콜/강제),20230519,20261230,CALL,사모,PF대출채권,KRW,,"20,000,000,000 ","20,000,000,000 ",5,고정-이표,AAA,AAA,,,,,,,,,,,,,,,,,,,,,,,
61892,노량진케이미트제일차유동화전문,ABS,KR6454981D51,노량진케이미트제일차유동화전문1(사모/콜/강제),20230518,20280603,CALL,사모,PF대출채권,KRW,,"62,000,000,000 ","62,000,000,000 ",5.4,고정-이표,AAA,AAA,,,,,,,,,,,,,,,,,,,,,,,
61883,케이히어로제육차,AB사채,KR6329491D58,케이히어로제육차4(사모/콜),20230518,20240816,CALL,사모,PF대출채권,KRW,,"24,500,000,000 ","24,500,000,000 ",4.82,고정-이표,,,,,,,,,,,,,,,,,,,,,,,,,
61885,케이히어로제칠차,AB사채,KR6329501D56,케이히어로제칠차4(사모/콜),20230518,20240816,CALL,사모,PF대출채권,KRW,,"20,300,000,000 ","20,300,000,000 ",4.82,고정-이표,,,,,,,,,,,,,,,,,,,,,,,,,
61735,엘원비엘티제칠차,AB사채,KR6458173D50,엘원비엘티제칠차 1-3(강제),20230515,20240128,옵션해당없음,공모,PF대출채권,KRW,,"4,000,000,000 ","4,000,000,000 ",3.98,고정-이표,AAA,,AAA,,,,,,,,,,,,,,,,,,,,,,
61735,엘원비엘티제칠차,AB사채,KR6458174D59,엘원비엘티제칠차 1-4(강제),20230515,20240428,옵션해당없음,공모,PF대출채권,KRW,,"252,500,000,000 ","252,500,000,000 ",4.04,고정-이표,AAA,,AAA,,,,,,,,,,,,,,,,,,,,,,
61795,케이티비파이어레드제오차,AB사채,KR6400301D57,케이티비파이어레드제오차 6(사모/콜),20230511,20240530,CALL,사모,PF대출채권,KRW,,"700,000,000 ","700,000,000 ",10,고정-이표,,,,,,,,,,,,,,,,,,,,,,,,,
61786,에듀포레기계제일차,AB사채,KR6458631D56,에듀포레기계제일차 1(사모/콜),20230510,20240509,CALL,사모,PF대출채권,KRW,,"8,000,000,000 ","8,000,000,000 ",7.9,고정-이표,,,,,,,,,,,,,,,,,,,,,,,,,
61792,쿼드지제이제일차,AB사채,KR6427861D52,쿼드지제이제일차2(사모/콜),20230510,20240511,CALL,사모,PF대출채권,KRW,,"23,000,000,000 ","23,000,000,000 ",10,고정-이표,,,,,,,,,,,,,,,,,,,,,,,,,
61637,레이트포앰,AB사채,KR6456651D55,레이트포앰1(사모/콜),20230502,20240503,CALL,사모,PF대출채권,KRW,,"5,000,000,000 ","5,000,000,000 ",8.2,고정-이표,,,,,,,,,,,,,,,,,,,,,,,,,
61637,레이트포앰,AB사채,KR6456652D54,레이트포앰2(사모),20230502,20240503,옵션해당없음,사모,PF대출채권,KRW,,"3,300,000,000 ","3,300,000,000 ",8.2,고정-이표,,,,,,,,,,,,,,,,,,,,,,,,,
61636,뉴베스트레드,AB사채,KR6456621D45,뉴베스트레드1(사모/콜),20230428,20240426,CALL,사모,PF대출채권,KRW,,"5,000,000,000 ","5,000,000,000 ",8,고정-이표,,,,,,,,,,,,,,,,,,,,,,,,,
61636,뉴베스트레드,AB사채,KR6456622D44,뉴베스트레드3(사모),20230428,20240426,옵션해당없음,사모,PF대출채권,KRW,,"4,500,000,000 ","4,500,000,000 ",8,고정-이표,,,,,,,,,,,,,,,,,,,,,,,,,
61466,에스엠원도곡제일차,AB사채,KR6415932D45,에스엠원도곡제일차2-2(사모/강제),20230428,20240402,옵션해당없음,사모,PF대출채권,KRW,,"25,000,000,000 ","25,000,000,000 ",6.5,고정-이표,,,,,,,,,,,,,,,,,,,,,,,,,
55053,케이에스포천제일차,AB사채,KR6406341D49,케이에스포천제일차4(사모),20230426,20240329,옵션해당없음,사모,PF대출채권,KRW,,"400,000,000 ","400,000,000 ",11.02,변동-이표,,,,,,,,,,,,,,,,,,,,,,,,,
61560,뉴스타이문1제일차유동화전문,ABS,KR6455761D47,뉴스타이문1제일차유동화전문 1(강제),20230425,20250227,옵션해당없음,공모,PF대출채권,KRW,,"200,000,000,000 ","200,000,000,000 ",4.03,고정-이표,,AA+,AA+,,,,,,,,,,,,,,,,,,,,,,
61586,에이치에스에프제이십일차,AB사채,KR6362851D46,에이치에스에프제이십일차 1(사모/콜),20230424,20240720,CALL,사모,PF대출채권,KRW,,"7,500,000,000 ","7,500,000,000 ",8.5,고정-이표,,,,,,,,,,,,,,,,,,,,,,,,,
61494,나이스온천4유동화전문,ABS,KR6455321D40,나이스온천4유동화전문1(강제),20230421,20241125,옵션해당없음,공모,PF대출채권,KRW,,"70,000,000,000 ","70,000,000,000 ",4.06,고정-이표,AA+,,AA+,,,,,,,,,,,,,,,,,,,,,,
61568,드림비엔경산,AB사채,KR6447561D46,드림비엔경산2(사모/콜),20230420,20240520,CALL,사모,PF대출채권,KRW,,"35,100,000,000 ","35,100,000,000 ",6.5,고정-이표,,,,,,,,,,,,,,,,,,,,,,,,,
61554,케이티비파이어레드제오차,AB사채,KR6400304D47,케이티비파이어레드제오차 5(사모/콜),20230420,20240530,CALL,사모,PF대출채권,KRW,,"100,000,000 ","100,000,000 ",10,고정-이표,,,,,,,,,,,,,,,,,,,,,,,,,
61493,이터널봉명제일차,AB사채,KR6426781D44,이터널봉명제일차 1-4(사모/콜),20230417,20240417,CALL,사모,PF대출채권,KRW,,"8,000,000,000 ","8,000,000,000 ",9,고정-이표,,,,,,,,,,,,,,,,,,,,,,,,,
61182,뉴스타원펌2023의일제이차,AB사채,KR6454081D43,뉴스타원펌2023의일제이차2(사모/콜/강제),20230414,20240313,CALL,사모,PF대출채권,KRW,,"40,000,000,000 ","40,000,000,000 ",5.03,변동-이표,AA-,AA-,AA-,,,,,,,,,,,,,,,,,,,,,,
61468,케이티비파이어레드제오차,AB사채,KR6400301D40,케이티비파이어레드제오차 4-1(사모/콜),20230412,20240530,CALL,사모,PF대출채권,KRW,,"700,000,000 ","700,000,000 ",8,고정-이표,,,,,,,,,,,,,,,,,,,,,,,,,
61468,케이티비파이어레드제오차,AB사채,KR6400302D49,케이티비파이어레드제오차 4-2(사모/콜),20230412,20240530,CALL,사모,PF대출채권,KRW,,"200,000,000 ","200,000,000 ",10,고정-이표,,,,,,,,,,,,,,,,,,,,,,,,,
61468,케이티비파이어레드제오차,AB사채,KR6400303D48,케이티비파이어레드제오차 4-3(사모/콜),20230412,20240530,CALL,사모,PF대출채권,KRW,,"300,000,000 ","300,000,000 ",11.68,고정-이표,,,,,,,,,,,,,,,,,,,,,,,,,
61458,디에이치스카이,AB사채,KR6456431D45,디에이치스카이 1(사모/콜),20230411,20240409,CALL,사모,PF대출채권,KRW,,"15,000,000,000 ","15,000,000,000 ",7,고정-이표,A-,,,,,,,,,,,,,,,,,,,,,,,,
61466,에스엠원도곡제일차,AB사채,KR6415931D46,에스엠원도곡제일차 1(사모/강제),20230411,20240402,옵션해당없음,사모,PF대출채권,KRW,,"20,000,000,000 ","20,000,000,000 ",6.5,고정-이표,,,,,,,,,,,,,,,,,,,,,,,,,
61403,에어라인제십일차,AB사채,KR6417131D40,에어라인제십일차3-1(사모/콜),20230403,20240412,CALL,사모,PF대출채권,KRW,,"76,300,000,000 ","76,300,000,000 ",6.6,고정-이표,,,,,,,,,,,,,,,,,,,,,,,,,
61403,에어라인제십일차,AB사채,KR6417132D49,에어라인제십일차3-2(사모/콜),20230403,20240412,CALL,사모,PF대출채권,KRW,,"40,000,000,000 ","40,000,000,000 ",6.1,고정-이표,,,,,,,,,,,,,,,,,,,,,,,,,
55053,케이에스포천제일차,AB사채,KR6406341D31,케이에스포천제일차 3(사모),20230329,20240329,옵션해당없음,사모,PF대출채권,KRW,,"1,400,000,000 ","1,400,000,000 ",11.02,변동-이표,,,,,,,,,,,,,,,,,,,,,,,,,
54835,드래곤밸리제일차,AB사채,KR6403081D32,드래곤밸리제일차1-2(사모/콜),20230327,20240619,CALL,사모,PF대출채권,KRW,,"1,400,000,000 ","1,400,000,000 ",7.5,고정-이표,,,,,,,,,,,,,,,,,,,,,,,,,
61247,케이티비파이어레드제오차,AB사채,KR6400303D30,케이티비파이어레드제오차 3(사모/콜),20230322,20240530,CALL,사모,PF대출채권,KRW,,"400,000,000 ","400,000,000 ",10,고정-이표,,,,,,,,,,,,,,,,,,,,,,,,,
61182,뉴스타원펌2023의일제이차,AB사채,KR6454081D35,뉴스타원펌2023의일제이차1(사모/콜/강제),20230315,20240313,CALL,사모,PF대출채권,KRW,,"99,000,000,000 ","99,000,000,000 ",5.01,변동-이표,AA-,AA-,AA-,,,,,,,,,,,,,,,,,,,,,,
61147,더블랙코리아,AB사채,KR6421901D32,더블랙코리아3-1(사모/콜),20230310,20250110,CALL,사모,PF대출채권,KRW,,"1,000,000,000 ","1,000,000,000 ",11,고정-이표,,,,,,,,,,,,,,,,,,,,,,,,,
61135,가이아창릉베타,AB사채,KR6442011D35,가이아창릉베타 1(사모/강제),20230309,20240824,옵션해당없음,사모,PF대출채권,KRW,,"4,500,000,000 ","4,500,000,000 ",6.5,고정-이표,,,,,,,,,,,,,,,,,,,,,,,,,
61117,뉴타이거제구차,AB사채,KR6425451D37,뉴타이거제구차 1(사모/콜),20230308,20240331,CALL,사모,PF대출채권,KRW,,"9,000,000,000 ","9,000,000,000 ",7.65,변동-이표,,,,,,,,,,,,,,,,,,,,,,,,,
61104,와이에이홀딩스,AB사채,KR6424262D39,와이에이홀딩스 2-2(사모/콜),20230308,20240508,CALL,사모,PF대출채권,KRW,,"800,000,000 ","800,000,000 ",9,고정-이표,,,,,,,,,,,,,,,,,,,,,,,,,
61104,와이에이홀딩스,AB사채,KR6424261D30,와이에이홀딩스2-1(사모/콜),20230308,20240508,CALL,사모,PF대출채권,KRW,,"1,000,000,000 ","1,000,000,000 ",9,고정-이표,,,,,,,,,,,,,,,,,,,,,,,,,
59266,더스카이제일차,AB사채,KR6439983D35,더스카이제일차 2-3(사모/콜/강제),20230307,20250206,CALL,사모,PF대출채권,KRW,,"8,000,000,000 ","8,000,000,000 ",6.21,고정-이표,AA-,AA-,,,,,,,,,,,,,,,,,,,,,,,
60997,에프엔울주제일차,AB사채,KR6453731D31,에프엔울주제일차1-2(사모/콜/강제),20230307,20240227,CALL,사모,PF대출채권,KRW,,"2,000,000,000 ","2,000,000,000 ",7.5,고정-이표,,,,,,,,,,,,,,,,,,,,,,,,,
61094,키움파트너스제이차,AB사채,KR6296311D32,키움파트너스제이차 4(사모/콜),20230307,20240620,CALL,사모,PF대출채권,KRW,,"100,000,000,000 ","100,000,000,000 ",6.5,고정-이표,,,,,,,,,,,,,,,,,,,,,,,,,
61034,더스카이제일차,AB사채,KR6439981D37,더스카이제일차 2-1(사모/콜/강제),20230306,20250206,CALL,사모,PF대출채권,KRW,,"20,000,000,000 ","20,000,000,000 ",6.21,고정-이표,AA-,AA-,,,,,,,,,,,,,,,,,,,,,,,
61034,더스카이제일차,AB사채,KR6439982D36,더스카이제일차 2-2(사모),20230306,20251024,옵션해당없음,사모,PF대출채권,KRW,,"300,000,000 ","300,000,000 ",8.5,고정-할인,AA-,AA-,,,,,,,,,,,,,,,,,,,,,,,
61073,케이티비파이어레드제오차,AB사채,KR6400301D32,케이티비파이어레드제오차 2-1(사모/콜),20230303,20240530,CALL,사모,PF대출채권,KRW,,"400,000,000 ","400,000,000 ",9,고정-이표,,,,,,,,,,,,,,,,,,,,,,,,,
61073,케이티비파이어레드제오차,AB사채,KR6400302D31,케이티비파이어레드제오차 2-2(사모/콜),20230303,20240530,CALL,사모,PF대출채권,KRW,,"200,000,000 ","200,000,000 ",11.68,고정-이표,,,,,,,,,,,,,,,,,,,,,,,,,
55053,케이에스포천제일차,AB사채,KR6406342D22,케이에스포천제일차2(사모),20230228,20240329,옵션해당없음,사모,PF대출채권,KRW,,"900,000,000 ","900,000,000 ",11.02,변동-이표,,,,,,,,,,,,,,,,,,,,,,,,,
54835,드래곤밸리제일차,AB사채,KR6403081D24,드래곤밸리제일차1-1(사모/콜),20230227,20240619,CALL,사모,PF대출채권,KRW,,"2,600,000,000 ","2,600,000,000 ",7.5,고정-이표,,,,,,,,,,,,,,,,,,,,,,,,,
61020,미르원제육차,AB사채,KR6441891D24,미르원제육차1(사모/콜),20230227,20240828,CALL,사모,PF대출채권,KRW,,"5,000,000,000 ","5,000,000,000 ",8.5,고정-이표,,,,,,,,,,,,,,,,,,,,,,,,,
60997,에프엔울주제일차,AB사채,KR6453731D23,에프엔울주제일차1(사모/콜/강제),20230227,20240227,CALL,사모,PF대출채권,KRW,,"20,000,000,000 ","20,000,000,000 ",7.5,고정-이표,,A,,,,,,,,,,,,,,,,,,,,,,,
60969,인베스트유사제일차,AB사채,KR6446741D25,인베스트유사제일차1(사모/콜),20230223,20250227,CALL,사모,PF대출채권,KRW,,"5,000,000,000 ","5,000,000,000 ",7.5,변동-이표,,,,,,,,,,,,,,,,,,,,,,,,,
60928,에프엔홀인원제일차,AB사채,KR6434051D25,에프엔홀인원제일차1(사모/콜),20230217,20240216,CALL,사모,PF대출채권,KRW,,"79,800,000,000 ","79,800,000,000 ",6,고정-이표,,,,,,,,,,,,,,,,,,,,,,,,,
55053,케이에스포천제일차,AB사채,KR6406341D23,케이에스포천제일차1(사모),20230217,20240329,옵션해당없음,사모,PF대출채권,KRW,,"1,300,000,000 ","1,300,000,000 ",11.02,변동-이표,,,,,,,,,,,,,,,,,,,,,,,,,
60872,평택모르가나제일차,AB사채,KR6452791D22,평택모르가나제일차1-1(사모/콜),20230217,20240217,CALL,사모,PF대출채권,KRW,,"10,000,000,000 ","10,000,000,000 ",10.5,고정-이표,,,,,,,,,,,,,,,,,,,,,,,,,
60872,평택모르가나제일차,AB사채,KR6452792D21,평택모르가나제일차1-2(사모/콜),20230217,20240217,CALL,사모,PF대출채권,KRW,,"8,500,000,000 ","8,500,000,000 ",9,고정-이표,,,,,,,,,,,,,,,,,,,,,,,,,
59269,학산피에프제이차,AB사채,KR6442101D28,학산피에프제이차 2(사모/콜),20230216,20260807,CALL,사모,PF대출채권,KRW,,"10,000,000,000 ","10,000,000,000 ",8.44,변동-이표,,,,,,,,,,,,,,,,,,,,,,,,,
60808,케이티비파이어레드제오차,AB사채,KR6400301D24,케이티비파이어레드제오차 1-1(사모/콜),20230208,20240530,CALL,사모,PF대출채권,KRW,,"500,000,000 ","500,000,000 ",9,고정-이표,,,,,,,,,,,,,,,,,,,,,,,,,
54200,케이티비파이어레드제오차,AB사채,KR6400302D23,케이티비파이어레드제오차 1-2(사모/콜),20230208,20240530,CALL,사모,PF대출채권,KRW,,"500,000,000 ","500,000,000 ",11.68,고정-이표,,,,,,,,,,,,,,,,,,,,,,,,,
60792,에스파고양,AB사채,KR6387081D29,에스파고양4(사모/콜),20230206,20240129,CALL,사모,PF대출채권,KRW,,"208,672,040,000 ","208,672,040,000 ",7,고정-이표,,,,,,,,,,,,,,,,,,,,,,,,,
60791,우드타운제일차,AB사채,KR6396861D26,우드타운제일차1-1(사모/콜),20230206,20240206,CALL,사모,PF대출채권,KRW,,"1,000,000,000 ","1,000,000,000 ",8,고정-이표,,,,,,,,,,,,,,,,,,,,,,,,,
60791,우드타운제일차,AB사채,KR6396862D25,우드타운제일차1-2(사모/콜),20230206,20240206,CALL,사모,PF대출채권,KRW,,"5,000,000,000 ","5,000,000,000 ",8,고정-이표,,,,,,,,,,,,,,,,,,,,,,,,,
58923,이터널포항제이차,AB사채,KR6440162D10,이터널포항제이차 6-1(사모/콜/강제),20230130,20240205,CALL,사모,PF대출채권,KRW,,"1,800,000,000 ","1,800,000,000 ",8.94,변동-이표,,,,,,,,,,,,,,,,,,,,,,,,,
58923,이터널포항제이차,AB사채,KR6440163D19,이터널포항제이차 6-2(사모/콜/강제),20230130,20240205,CALL,사모,PF대출채권,KRW,,"5,000,000,000 ","5,000,000,000 ",8.44,변동-이표,,,,,,,,,,,,,,,,,,,,,,,,,
60686,드림베르힐회천제일차,AB사채,KR6411451D11,드림베르힐회천제일차 3(사모/콜),20230125,20240213,CALL,사모,PF대출채권,KRW,,"131,393,745,520 ","131,393,745,520 ",5.8,고정-이표,,,,,,,,,,,,,,,,,,,,,,,,,
60681,와이비소사벌,AB사채,KR6405161D14,와이비소사벌2-1(사모/콜),20230125,20240222,CALL,사모,PF대출채권,KRW,,"28,050,000,000 ","28,050,000,000 ",7.6,고정-이표,,,,,,,,,,,,,,,,,,,,,,,,,
60682,와이비소사벌,AB사채,KR6405162D13,와이비소사벌2-2(사모/콜),20230125,20240822,CALL,사모,PF대출채권,KRW,,"1,570,000,000 ","1,570,000,000 ",7.9,고정-이표,,,,,,,,,,,,,,,,,,,,,,,,,
60655,케이티비종투,AB사채,KR6410091D19,케이티비종투 3(사모/콜),20230118,20240207,CALL,사모,PF대출채권,KRW,,"1,100,000,000 ","1,100,000,000 ",10,고정-이표,,,,,,,,,,,,,,,,,,,,,,,,,
60627,비에스에이엔엠제이차,AB사채,KR6407341D13,비에스에이엔엠제이차1(사모/콜),20230116,20240328,CALL,사모,PF대출채권,KRW,,"2,000,000,000 ","2,000,000,000 ",8.84,고정-복리,,,,,,,,,,,,,,,,,,,,,,,,,
58923,이터널포항제이차,AB사채,KR6440161D11,이터널포항제이차 5(사모/콜/강제),20230113,20240205,CALL,사모,PF대출채권,KRW,,"1,400,000,000 ","1,400,000,000 ",8.94,변동-이표,,,,,,,,,,,,,,,,,,,,,,,,,
60622,티엠비홀딩스,AB사채,KR6390791D16,티엠비홀딩스 4-1(사모/콜),20230113,20240313,CALL,사모,PF대출채권,KRW,,"1,500,000,000 ","1,500,000,000 ",10,고정-이표,,,,,,,,,,,,,,,,,,,,,,,,,
10711,에이블세풍산단,AB사채,KR6358961CC3,에이블세풍산단1-1(사모/콜/강제),20221229,20241229,CALL,사모,PF대출채권,KRW,,"32,850,000,000 ","32,850,000,000 ",2.33,고정-이표,,,,,,,,,,,,,,,,,,,,,,,,,
58923,이터널포항제이차,AB사채,KR6440162CC8,이터널포항제이차4(사모/콜/강제),20221222,20240205,CALL,사모,PF대출채권,KRW,,"2,300,000,000 ","2,300,000,000 ",11.94,변동-이표,,,,,,,,,,,,,,,,,,,,,,,,,
60283,비욘드이목제일차,AB사채,KR6390179CC2,비욘드이목제일차1-4-3(사모/콜/강제),20221221,20240719,CALL,사모,PF대출채권,KRW,,"40,000,000,000 ","40,000,000,000 ",1.75,고정-이표,,,,,,,,,,,,,,,,,,,,,,,,,
60283,비욘드이목제일차,AB사채,KR6390178CC4,비욘드이목제일차1-4-2(사모/콜/강제),20221220,20240719,CALL,사모,PF대출채권,KRW,,"60,000,000,000 ","60,000,000,000 ",1.75,고정-이표,,,,,,,,,,,,,,,,,,,,,,,,,
60283,비욘드이목제일차,AB사채,KR6390177CC6,비욘드이목제일차1-4-1(사모/콜/강제),20221219,20240719,CALL,사모,PF대출채권,KRW,,"50,000,000,000 ","50,000,000,000 ",1.75,고정-이표,,,,,,,,,,,,,,,,,,,,,,,,,
52935,비욘드이목제일차,AB사채,KR6390174CC3,비욘드이목제일차4-2(사모/콜/강제),20221208,20240719,CALL,사모,PF대출채권,KRW,,"10,000,000,000 ","10,000,000,000 ",7.4,고정-이표,,,,,,,,,,,,,,,,,,,,,,,,,
52935,비욘드이목제일차,AB사채,KR6390175CC0,비욘드이목제일차4-3(사모/콜/강제),20221208,20240719,CALL,사모,PF대출채권,KRW,,"80,000,000,000 ","80,000,000,000 ",7.4,고정-이표,,,,,,,,,,,,,,,,,,,,,,,,,
60283,비욘드이목제일차,AB사채,KR6390176CC8,비욘드이목제일차4-5(사모/콜/강제),20221208,20241019,CALL,사모,PF대출채권,KRW,,"30,200,000,000 ","30,200,000,000 ",7.6,고정-이표,,,,,,,,,,,,,,,,,,,,,,,,,
58923,이터널포항제이차,AB사채,KR6440161CC0,이터널포항제이차 3(사모/콜/강제),20221208,20240205,CALL,사모,PF대출채권,KRW,,"3,000,000,000 ","3,000,000,000 ",11.94,변동-이표,,,,,,,,,,,,,,,,,,,,,,,,,
52935,비욘드이목제일차,AB사채,KR6390171CC9,비욘드이목제일차4-1-1(사모/콜/강제),20221205,20240719,CALL,사모,PF대출채권,KRW,,"28,900,000,000 ","28,900,000,000 ",7.2,고정-이표,,,,,,,,,,,,,,,,,,,,,,,,,
52935,비욘드이목제일차,AB사채,KR6390172CC7,비욘드이목제일차4-1-2(사모/콜/강제),20221205,20240719,CALL,사모,PF대출채권,KRW,,"100,000,000,000 ","100,000,000,000 ",7.4,고정-이표,,,,,,,,,,,,,,,,,,,,,,,,,
60283,비욘드이목제일차,AB사채,KR6390173CC5,비욘드이목제일차4-4(사모/콜/강제),20221205,20241019,CALL,사모,PF대출채권,KRW,,"10,000,000,000 ","10,000,000,000 ",7.6,고정-이표,,,,,,,,,,,,,,,,,,,,,,,,,
57829,가이아투자제일차,AB사채,KR6420041CB0,가이아투자제일차 3(사모/콜),20221130,20250224,CALL,사모,PF대출채권,KRW,,"576,000,000 ","576,000,000 ",8.868,고정-이표,,,,,,,,,,,,,,,,,,,,,,,,,
60234,래피드호그제이십칠차,AB사채,KR6334071CB2,래피드호그제이십칠차3(사모/콜),20221130,20240531,CALL,사모,PF대출채권,KRW,,"31,530,848,000 ","31,530,848,000 ",7.8,고정-이표,,,,,,,,,,,,,,,,,,,,,,,,,
60173,플래닛상도제일차,AB사채,KR6449621CB6,플래닛상도제일차1(사모/콜/강제),20221125,20240725,CALL,사모,PF대출채권,KRW,,"20,000,000,000 ","20,000,000,000 ",7.4,변동-이표,,,,,,,,,,,,,,,,,,,,,,,,,
58923,이터널포항제이차,AB사채,KR6440161CB2,이터널포항제이차 2(사모/콜/강제),20221118,20240205,CALL,사모,PF대출채권,KRW,,"1,500,000,000 ","1,500,000,000 ",8.94,변동-이표,,,,,,,,,,,,,,,,,,,,,,,,,
60055,케이티비종투,AB사채,KR6410092CB5,케이티비종투 2(사모/콜),20221110,20240207,CALL,사모,PF대출채권,KRW,,"1,800,000,000 ","1,800,000,000 ",9,고정-이표,,,,,,,,,,,,,,,,,,,,,,,,,
60006,케이티비종투,AB사채,KR6410091CB7,케이티비종투 1(사모/콜),20221103,20240207,CALL,사모,PF대출채권,KRW,,"1,600,000,000 ","1,600,000,000 ",9,고정-이표,,,,,,,,,,,,,,,,,,,,,,,,,
59937,메카닉죽전제일차,AB사채,KR6361141CA1,메카닉죽전제일차 2(사모/콜),20221028,20250226,CALL,사모,PF대출채권,KRW,,"11,000,000,000 ","11,000,000,000 ",8.18,변동-이표,,,,,,,,,,,,,,,,,,,,,,,,,
55330,디비유퍼스트제일차,AB사채,KR6410101CA6,디비유퍼스트제일차1-1(사모/콜),20221027,20240923,CALL,사모,PF대출채권,KRW,,"5,000,000,000 ","5,000,000,000 ",7.9,고정-단리,,,,,,,,,,,,,,,,,,,,,,,,,
57829,가이아투자제일차,AB사채,KR6420041CA2,가이아투자제일차 2(사모/콜),20221026,20250224,CALL,사모,PF대출채권,KRW,,"384,000,000 ","384,000,000 ",8.859,고정-이표,,,,,,,,,,,,,,,,,,,,,,,,,
59819,엠에스원동다박골제삼차,AB사채,KR6444751CA8,엠에스원동다박골제삼차1(사모/콜),20221017,20240415,CALL,사모,PF대출채권,KRW,,"10,000,000,000 ","10,000,000,000 ",8,고정-이표,,A,,,,,,,,,,,,,,,,,,,,,,,
57829,가이아투자제일차,AB사채,KR6420041C93,가이아투자제일차 1(사모/콜),20220930,20250224,CALL,사모,PF대출채권,KRW,,"2,400,000,000 ","2,400,000,000 ",8.854,고정-이표,,,,,,,,,,,,,,,,,,,,,,,,,
59596,티아이주교제이차,AB사채,KR6445571C98,티아이주교제이차 1(사모/콜),20220930,20250605,CALL,사모,PF대출채권,KRW,,"5,000,000,000 ","5,000,000,000 ",7.67,고정/변동-이표,,,,,,,,,,,,,,,,,,,,,,,,,
59589,디아이에프독산,AB사채,KR6445451C93,디아이에프독산1(사모/콜),20220928,20240529,CALL,사모,PF대출채권,KRW,,"20,000,000,000 ","20,000,000,000 ",7,고정-이표,,,,,,,,,,,,,,,,,,,,,,,,,
52935,비욘드이목제일차,AB사채,KR6390173C98,비욘드이목제일차3-5-1(사모/콜/강제),20220928,20240719,CALL,사모,PF대출채권,KRW,,"60,000,000,000 ","60,000,000,000 ",3.8,고정-이표,,,,,,,,,,,,,,,,,,,,,,,,,
59586,티와이독산제이차,AB사채,KR6441731C94,티와이독산제이차 1(사모/콜),20220928,20240529,CALL,사모,PF대출채권,KRW,,"15,000,000,000 ","15,000,000,000 ",7.5,고정-이표,,,,,,,,,,,,,,,,,,,,,,,,,
52935,비욘드이목제일차,AB사채,KR6390172C99,비욘드이목제일차2-3-2(사모/콜/강제),20220927,20240719,CALL,사모,PF대출채권,KRW,,"60,000,000,000 ","60,000,000,000 ",2.6,고정-이표,,,,,,,,,,,,,,,,,,,,,,,,,
59553,에이치에스스카이사모,AB사채,KR6445301C95,에이치에스스카이사모 1(사모/콜),20220927,20240727,CALL,사모,PF대출채권,KRW,,"50,000,000,000 ","50,000,000,000 ",5.64,변동-이표,,,AA-,,,,,,,,,,,,,,,,,,,,,,
52935,비욘드이목제일차,AB사채,KR6390171C90,비욘드이목제일차2-3-1(사모/콜/강제),20220926,20240719,CALL,사모,PF대출채권,KRW,,"50,000,000,000 ","50,000,000,000 ",2.6,고정-이표,,,,,,,,,,,,,,,,,,,,,,,,,
59540,큐브이문유동화전문,ABS,KR6441141C98,큐브이문유동화전문1(강제),20220926,20250115,옵션해당없음,공모,PF대출채권,KRW,,"60,000,000,000 ","60,000,000,000 ",5.41,고정-이표,,AA+,AA+,,,,,,,,,,,,,,,,,,,,,,
59378,에코시티케이몰제일차,AB사채,KR6434511C95,에코시티케이몰제일차1(사모/콜),20220915,20251122,CALL,사모,PF대출채권,KRW,,"10,000,000,000 ","10,000,000,000 ",7,변동-이표,,,,,,,,,,,,,,,,,,,,,,,,,
59322,뉴스타신반포15유동화전문,ABS,KR6441051C96,뉴스타신반포15유동화전문1(강제),20220914,20240415,옵션해당없음,공모,PF대출채권,KRW,,"150,000,000,000 ","150,000,000,000 ",4.5,고정-이표,,AA+,AA+,,,,,,,,,,,,,,,,,,,,,,
59360,하이라이트풀제일차,AB사채,KR6442161C91,하이라이트풀제일차1(사모/콜),20220914,20250514,CALL,사모,PF대출채권,KRW,,"9,500,000,000 ","9,500,000,000 ",6.5,변동-이표,,,,,,,,,,,,,,,,,,,,,,,,,
59266,더스카이제일차,AB사채,KR6439981C95,더스카이제일차 1-1(사모/콜/강제),20220906,20250206,CALL,사모,PF대출채권,KRW,,"30,000,000,000 ","30,000,000,000 ",5.8,고정-이표,AA-,AA-,,,,,,,,,,,,,,,,,,,,,,,
59266,더스카이제일차,AB사채,KR6439982C94,더스카이제일차 1-2(사모),20220906,20250724,옵션해당없음,사모,PF대출채권,KRW,,"180,000,000 ","180,000,000 ",8,고정-할인,AA-,AA-,,,,,,,,,,,,,,,,,,,,,,,
59269,학산피에프제이차,AB사채,KR6442101C94,학산피에프제이차 1(사모/콜),20220906,20260807,CALL,사모,PF대출채권,KRW,,"10,000,000,000 ","10,000,000,000 ",7,고정-이표,,,,,,,,,,,,,,,,,,,,,,,,,
59195,제이엠병점제일차,AB사채,KR6442661C88,제이엠병점제일차 1(사모/콜),20220831,20240421,CALL,사모,PF대출채권,KRW,,"960,000,000 ","960,000,000 ",10.86,고정-이표,,,,,,,,,,,,,,,,,,,,,,,,,
59207,패스트포제일차,AB사채,KR6442631C85,패스트포제일차1(사모/콜),20220831,20250930,CALL,사모,PF대출채권,KRW,,"5,000,000,000 ","5,000,000,000 ",7.5,고정-이표,,,,,,,,,,,,,,,,,,,,,,,,,
59133,강릉모노제일차,AB사채,KR6441961C87,강릉모노제일차1(사모/콜/강제),20220829,20251029,CALL,사모,PF대출채권,KRW,,"10,000,000,000 ","10,000,000,000 ",6.35,고정-이표,,,,,,,,,,,,,,,,,,,,,,,,,
59055,하이풍무스카이제일차,AB사채,KR6409241C86,하이풍무스카이제일차 1(사모/콜),20220825,20250125,CALL,사모,PF대출채권,KRW,,"11,500,000,000 ","11,500,000,000 ",5,고정-이표,,,,,,,,,,,,,,,,,,,,,,,,,
59088,엔트레뽀이천물류제일차,AB사채,KR6441551C83,엔트레뽀이천물류제일차 1(사모/콜),20220824,20240324,CALL,사모,PF대출채권,KRW,,"11,400,000,000 ","11,400,000,000 ",7,변동-이표,,,,,,,,,,,,,,,,,,,,,,,,,
59031,디비아레나제칠차,AB사채,KR6395721C86,디비아레나제칠차3(사모/콜),20220823,20240115,CALL,사모,PF대출채권,KRW,,"4,300,000,000 ","4,300,000,000 ",5.8,고정-이표,,,,,,,,,,,,,,,,,,,,,,,,,
58923,이터널포항제이차,AB사채,KR6440161C87,이터널포항제이차 1(사모/콜/강제),20220819,20240205,CALL,사모,PF대출채권,KRW,,"15,000,000,000 ","15,000,000,000 ",5,변동-이표,,,,,,,,,,,,,,,,,,,,,,,,,
57419,이터널청주제이차,AB사채,KR6428721C85,이터널청주제이차 1(사모/콜),20220805,20260422,CALL,사모,PF대출채권,KRW,,"10,000,000,000 ","10,000,000,000 ",6.94,변동-이표,,,,,,,,,,,,,,,,,,,,,,,,,
58913,이터널포항제삼차,AB사채,KR6440171C85,이터널포항제삼차 1-1(사모/콜/강제),20220805,20240205,CALL,사모,PF대출채권,KRW,,"4,000,000,000 ","4,000,000,000 ",8,고정/변동-이표,,,,,,,,,,,,,,,,,,,,,,,,,
58913,이터널포항제삼차,AB사채,KR6440172C84,이터널포항제삼차 1-2(사모/콜/강제),20220805,20240205,CALL,사모,PF대출채권,KRW,,"1,000,000,000 ","1,000,000,000 ",9.33,고정/변동-이표,,,,,,,,,,,,,,,,,,,,,,,,,
58842,블랙타이거제일차,AB사채,KR6427301C85,블랙타이거제일차 1(사모/강제),20220802,20241022,옵션해당없음,사모,PF대출채권,KRW,,"5,000,000,000 ","5,000,000,000 ",6,고정-이표,,,,,,,,,,,,,,,,,,,,,,,,,
58500,제이엠덕수궁제일차,AB사채,KR6437261C74,제이엠덕수궁제일차 2(사모/콜),20220729,20240909,CALL,사모,PF대출채권,KRW,,"1,358,000,000 ","1,358,000,000 ",9.71,고정-이표,,,,,,,,,,,,,,,,,,,,,,,,,
58836,에스아이지와이,AB사채,KR6439921C72,에스아이지와이1(사모/콜),20220728,20250929,CALL,사모,PF대출채권,KRW,,"3,000,000,000 ","3,000,000,000 ",8,고정-이표,,,,,,,,,,,,,,,,,,,,,,,,,
58739,가드디엘제오차,AB사채,KR6438751C79,가드디엘제오차1(사모/콜/강제),20220726,20260826,CALL,사모,PF대출채권,KRW,,"14,000,000,000 ","14,000,000,000 ",7,변동-이표,,,,,,,,,,,,,,,,,,,,,,,,,
58463,이터널중동제이차,AB사채,KR6437361C73,이터널중동제이차1(사모/콜/강제),20220722,20240701,CALL,사모,PF대출채권,KRW,,"20,000,000,000 ","20,000,000,000 ",4.8,변동-이표,,,,,,,,,,,,,,,,,,,,,,,,,
58605,오션알파,AB사채,KR6438251C74,오션알파 1(사모),20220713,20250113,옵션해당없음,사모,PF대출채권,KRW,,"10,000,000,000 ","10,000,000,000 ",5.79,변동-이표,C+,A-,,,,,,,,,,,,,,,,,,,,,,,
58570,아델라제칠차,AB사채,KR6437941C72,아델라제칠차 1-1(사모/콜),20220711,20240311,CALL,사모,PF대출채권,KRW,,"56,000,000,000 ","56,000,000,000 ",4.888,고정-이표,,,,,,,,,,,,,,,,,,,,,,,,,
58570,아델라제칠차,AB사채,KR6437942C71,아델라제칠차 1-2(사모),20220711,20240920,옵션해당없음,사모,PF대출채권,KRW,,"230,000,000 ","230,000,000 ",5.5,고정-할인,,,,,,,,,,,,,,,,,,,,,,,,,
58510,히어로즈브이원제십이차,AB사채,KR6422081C74,히어로즈브이원제십이차1(사모/콜),20220707,20260129,CALL,사모,PF대출채권,KRW,,"15,000,000,000 ","15,000,000,000 ",4.5,변동-이표,,,,,,,,,,,,,,,,,,,,,,,,,
58484,비케이낙산,AB사채,KR6437241C61,비케이낙산 1(사모/콜),20220630,20260430,CALL,사모,PF대출채권,KRW,,"5,000,000,000 ","5,000,000,000 ",7,고정-이표,,,,,,,,,,,,,,,,,,,,,,,,,
58484,비케이낙산,AB사채,KR6437242C60,비케이낙산 2(사모/콜),20220630,20260430,CALL,사모,PF대출채권,KRW,,"5,000,000,000 ","5,000,000,000 ",8,고정-이표,,,,,,,,,,,,,,,,,,,,,,,,,
58066,섹션구로제일차,AB사채,KR6429621C68,섹션구로제일차 1-2(사모/콜),20220630,20240229,CALL,사모,PF대출채권,KRW,,"5,000,000,000 ","5,000,000,000 ",7,고정-이표,,,,,,,,,,,,,,,,,,,,,,,,,
58500,제이엠덕수궁제일차,AB사채,KR6437261C66,제이엠덕수궁제일차 1(사모/콜),20220630,20240909,CALL,사모,PF대출채권,KRW,,"1,078,000,000 ","1,078,000,000 ",9.1,고정-이표,,,,,,,,,,,,,,,,,,,,,,,,,
58334,더블랙코리아,AB사채,KR6421901C66,더블랙코리아2-1(사모/콜),20220624,20250110,CALL,사모,PF대출채권,KRW,,"4,200,000,000 ","4,200,000,000 ",7,고정-이표,,,,,,,,,,,,,,,,,,,,,,,,,
58334,더블랙코리아,AB사채,KR6421902C65,더블랙코리아2-2(사모/콜),20220624,20250110,CALL,사모,PF대출채권,KRW,,"800,000,000 ","800,000,000 ",9.75,고정-이표,,,,,,,,,,,,,,,,,,,,,,,,,
58298,부산미남제일차,AB사채,KR6434141C69,부산미남제일차 1(사모/콜/강제),20220624,20261124,CALL,사모,PF대출채권,KRW,,"10,000,000,000 ","10,000,000,000 ",6.45,변동-이표,,,,,,,,,,,,,,,,,,,,,,,,,
58341,캔자스시티,AB사채,KR6386311C65,캔자스시티 3(사모/콜),20220624,20240531,CALL,사모,PF대출채권,KRW,,"1,000,000,000 ","1,000,000,000 ",7.5,고정-이표,,,,,,,,,,,,,,,,,,,,,,,,,
52935,비욘드이목제일차,AB사채,KR6390177C60,비욘드이목제일차1-3-3(사모/콜/강제),20220616,20240719,CALL,사모,PF대출채권,KRW,,"50,000,000,000 ","50,000,000,000 ",1.75,고정-이표,,,,,,,,,,,,,,,,,,,,,,,,,
52935,비욘드이목제일차,AB사채,KR6390176C61,비욘드이목제일차1-3-2(사모/콜/강제),20220614,20240719,CALL,사모,PF대출채권,KRW,,"50,000,000,000 ","50,000,000,000 ",1.75,고정-이표,,,,,,,,,,,,,,,,,,,,,,,,,
58191,에이블세운,AB사채,KR6386721C69,에이블세운 1(사모/콜),20220614,20241212,CALL,사모,PF대출채권,KRW,,"4,000,000,000 ","4,000,000,000 ",4.5,고정-이표,,,,,,,,,,,,,,,,,,,,,,,,,
52935,비욘드이목제일차,AB사채,KR6390175C62,비욘드이목제일차1-3-1(사모/콜/강제),20220610,20240719,CALL,사모,PF대출채권,KRW,,"50,000,000,000 ","50,000,000,000 ",1.75,고정-이표,,,,,,,,,,,,,,,,,,,,,,,,,
52935,비욘드이목제일차,AB사채,KR6390174C63,비욘드이목제일차3-4(사모/콜/강제),20220609,20240419,CALL,사모,PF대출채권,KRW,,"20,100,000,000 ","20,100,000,000 ",3.8,고정-이표,,,,,,,,,,,,,,,,,,,,,,,,,
52935,비욘드이목제일차,AB사채,KR6390171C66,비욘드이목제일차3-1(사모/콜/강제),20220607,20240719,CALL,사모,PF대출채권,KRW,,"158,971,800,000 ","158,971,800,000 ",4,고정-이표,,,,,,,,,,,,,,,,,,,,,,,,,
52935,비욘드이목제일차,AB사채,KR6390172C65,비욘드이목제일차3-2(사모/콜/강제),20220607,20240419,CALL,사모,PF대출채권,KRW,,"10,100,000,000 ","10,100,000,000 ",3.8,고정-이표,,,,,,,,,,,,,,,,,,,,,,,,,
52935,비욘드이목제일차,AB사채,KR6390173C64,비욘드이목제일차3-3(사모/콜/강제),20220607,20240719,CALL,사모,PF대출채권,KRW,,"60,000,000,000 ","60,000,000,000 ",3.8,고정-이표,,,,,,,,,,,,,,,,,,,,,,,,,
58066,섹션구로제일차,AB사채,KR6429621C50,섹션구로제일차1-1(사모/콜),20220531,20240229,CALL,사모,PF대출채권,KRW,,"5,000,000,000 ","5,000,000,000 ",7,고정-이표,,,,,,,,,,,,,,,,,,,,,,,,,
57054,파인망포,AB사채,KR6424091C52,파인망포1(사모/콜/강제),20220530,20250528,CALL,사모,PF대출채권,KRW,,"15,000,000,000 ","15,000,000,000 ",4.55,변동-이표,,,,,,,,,,,,,,,,,,,,,,,,,
57965,하이레전드다이버제십차,AB사채,KR6431621C56,하이레전드다이버제십차 1(사모/콜),20220527,20250527,CALL,사모,PF대출채권,KRW,,"5,000,000,000 ","5,000,000,000 ",8,고정-이표,,,,,,,,,,,,,,,,,,,,,,,,,
57950,하이레전드다이버제십칠차,AB사채,KR6432891C57,하이레전드다이버제십칠차1(사모/콜),20220527,20250527,CALL,사모,PF대출채권,KRW,,"28,800,000,000 ","28,800,000,000 ",6.5,고정-이표,,,,,,,,,,,,,,,,,,,,,,,,,
56430,트리오제일차,AB사채,KR6377062C57,트리오제일차4(사모/콜),20220519,20240229,CALL,사모,PF대출채권,KRW,,"200,000,000 ","200,000,000 ",6.5,고정-이표,,,,,,,,,,,,,,,,,,,,,,,,,
57740,길동제이에스제이차유동화전문,ABS,KR6429711C51,길동제이에스제이차유동화전문1(사모/강제),20220516,20250513,옵션해당없음,사모,PF대출채권,KRW,,"16,500,000,000 ","16,500,000,000 ",2.9,고정-이표,AAA,AAA,,,,,,,,,,,,,,,,,,,,,,,
57377,비케이회원제일차,AB사채,KR6427541C51,비케이회원제일차 2-1(사모/콜),20220513,20270119,CALL,사모,PF대출채권,KRW,,"10,000,000,000 ","10,000,000,000 ",4.75,고정-이표,,,,,,,,,,,,,,,,,,,,,,,,,
56430,트리오제일차,AB사채,KR6377061C58,트리오제일차3(사모/콜),20220510,20240229,CALL,사모,PF대출채권,KRW,,"900,000,000 ","900,000,000 ",6.5,고정-이표,,,,,,,,,,,,,,,,,,,,,,,,,
57450,엠에스밀레니엄제이차,AB사채,KR6419861C43,엠에스밀레니엄제이차3(사모/콜),20220425,20240524,CALL,사모,PF대출채권,KRW,,"20,000,000,000 ","20,000,000,000 ",2.9,변동-이표,AA-,,,,,,,,,,,,,,,,,,,,,,,,
57411,하이드인석포제일차,AB사채,KR6403921C45,하이드인석포제일차1(사모/콜),20220422,20240614,CALL,사모,PF대출채권,KRW,,"10,000,000,000 ","10,000,000,000 ",6,고정-이표,,,,,,,,,,,,,,,,,,,,,,,,,
57377,비케이회원제일차,AB사채,KR6427541C44,비케이회원제일차1-1(사모/콜),20220419,20270119,CALL,사모,PF대출채권,KRW,,"48,000,000,000 ","48,000,000,000 ",4.3,고정-이표,,,,,,,,,,,,,,,,,,,,,,,,,
57377,비케이회원제일차,AB사채,KR6427543C42,비케이회원제일차1-3(사모/콜),20220419,20270719,CALL,사모,PF대출채권,KRW,,"210,000,000 ","210,000,000 ",5,고정-이표,,,,,,,,,,,,,,,,,,,,,,,,,
57137,스마트창원제일차,AB사채,KR6425581C49,스마트창원제일차3(사모/콜/강제),20220415,20240730,CALL,사모,PF대출채권,KRW,,"2,700,000,000 ","2,700,000,000 ",7,고정-이표,,,,,,,,,,,,,,,,,,,,,,,,,
57199,히스토리단원제일차,AB사채,KR6425601C45,히스토리단원제일차1(사모/콜),20220404,20240904,CALL,사모,PF대출채권,KRW,,"6,000,000,000 ","6,000,000,000 ",8,고정-이표,,,,,,,,,,,,,,,,,,,,,,,,,
57174,비욘드대치제일차,AB사채,KR6401391C32,비욘드대치제일차1(사모/강제),20220331,20241115,옵션해당없음,사모,PF대출채권,KRW,,"7,000,000,000 ","7,000,000,000 ",8,변동-이표,,,,,,,,,,,,,,,,,,,,,,,,,
57162,세븐스타즈제이차,AB사채,KR6386011C35,세븐스타즈제이차2(사모/콜),20220331,20260429,CALL,사모,PF대출채권,KRW,,"30,000,000,000 ","30,000,000,000 ",2.65,고정-이표,AA-,AA-,,,,,,,,,,,,,,,,,,,,,,,
57130,디비운정제일차유동화전문,ABS,KR6417021C36,디비운정제일차유동화전문1(사모/강제),20220330,20250328,옵션해당없음,사모,PF대출채권,KRW,,"87,000,000,000 ","87,000,000,000 ",2.58,고정-이표,AAA,,AAA,,,,,,,,,,,,,,,,,,,,,,
57137,스마트창원제일차,AB사채,KR6425581C31,스마트창원제일차2-1(사모/콜/강제),20220330,20240730,CALL,사모,PF대출채권,KRW,,"1,500,000,000 ","1,500,000,000 ",7,고정-이표,,,,,,,,,,,,,,,,,,,,,,,,,
57137,스마트창원제일차,AB사채,KR6425582C30,스마트창원제일차2-2(사모/콜/강제),20220330,20240730,CALL,사모,PF대출채권,KRW,,"800,000,000 ","800,000,000 ",8.284,고정-이표,,,,,,,,,,,,,,,,,,,,,,,,,
57078,이터널광교제일차,AB사채,KR6425431C33,이터널광교제일차1(사모/콜),20220329,20240221,CALL,사모,PF대출채권,KRW,,"1,000,000,000 ","1,000,000,000 ",7,고정-이표,,,,,,,,,,,,,,,,,,,,,,,,,
57052,이터널만촌제일차,AB사채,KR6424881C31,이터널만촌제일차1-1(사모/콜),20220328,20240328,CALL,사모,PF대출채권,KRW,,"1,300,000,000 ","1,300,000,000 ",8,고정-이표,,,,,,,,,,,,,,,,,,,,,,,,,
57052,이터널만촌제일차,AB사채,KR6424882C30,이터널만촌제일차1-2(사모/콜),20220328,20240328,CALL,사모,PF대출채권,KRW,,"1,500,000,000 ","1,500,000,000 ",7.5,고정-이표,,,,,,,,,,,,,,,,,,,,,,,,,
57052,이터널만촌제일차,AB사채,KR6424883C39,이터널만촌제일차1-3(사모/콜),20220328,20240328,CALL,사모,PF대출채권,KRW,,"3,500,000,000 ","3,500,000,000 ",7,고정-이표,,,,,,,,,,,,,,,,,,,,,,,,,
57046,드림화성골드스타제일차유동화전문,ABS,KR6420461C37,드림화성골드스타제일차유동화전문 1(콜/강제),20220325,20250424,CALL,공모,PF대출채권,KRW,,"71,000,000,000 ","71,000,000,000 ",3.242,고정-이표,AAA,,AAA,,,,,,,,,,,,,,,,,,,,,,
57021,인베스트미소제일차,AB사채,KR6408981C33,인베스트미소제일차1(사모/콜),20220324,20250316,CALL,사모,PF대출채권,KRW,,"7,500,000,000 ","7,500,000,000 ",6.5,고정-이표,,,,,,,,,,,,,,,,,,,,,,,,,
56418,창인베스트제일차,AB사채,KR6376601C32,창인베스트제일차7(사모/콜),20220318,20240229,CALL,사모,PF대출채권,KRW,,"700,000,000 ","700,000,000 ",8,고정-이표,,,,,,,,,,,,,,,,,,,,,,,,,
56824,제이온베스트,AB사채,KR6357541C35,제이온베스트 1(사모/강제),20220311,20250411,옵션해당없음,사모,PF대출채권,KRW,,"10,000,000,000 ","10,000,000,000 ",6,고정-이표,,,,,,,,,,,,,,,,,,,,,,,,,
56812,엠에스밀레니엄제이차,AB사채,KR6419861C35,엠에스밀레니엄제이차2(사모/콜),20220310,20240524,CALL,사모,PF대출채권,KRW,,"30,000,000,000 ","30,000,000,000 ",2.9,변동-이표,AA-,,,,,,,,,,,,,,,,,,,,,,,,
56720,디비아레나유동화전문,ABS,KR6414401C33,디비아레나유동화전문1(사모/강제),20220303,20240730,옵션해당없음,사모,PF대출채권,KRW,,"51,265,285,164 ","51,265,285,164 ",2.5,고정-이표,,AAA,AAA,,,,,,,,,,,,,,,,,,,,,,
56669,이터널백석제이차,AB사채,KR6421871C39,이터널백석제이차 1(사모/콜),20220303,20250603,CALL,사모,PF대출채권,KRW,,"2,000,000,000 ","2,000,000,000 ",8,고정-이표,,,,,,,,,,,,,,,,,,,,,,,,,
56418,창인베스트제일차,AB사채,KR6376602C23,창인베스트제일차4(사모/콜),20220225,20240229,CALL,사모,PF대출채권,KRW,,"2,000,000,000 ","2,000,000,000 ",8,고정-이표,,,,,,,,,,,,,,,,,,,,,,,,,
56418,창인베스트제일차,AB사채,KR6376603C22,창인베스트제일차5(사모/콜),20220225,20240229,CALL,사모,PF대출채권,KRW,,"800,000,000 ","800,000,000 ",9.49,고정-이표,,,,,,,,,,,,,,,,,,,,,,,,,
56584,굿메이트제사차,AB사채,KR6420801C28,굿메이트제사차1(사모/콜),20220224,20270224,CALL,사모,PF대출채권,KRW,,"15,000,000,000 ","15,000,000,000 ",3.8,고정-이표,AA-,AA-,,,,,,,,,,,,,,,,,,,,,,,
56609,엠에스밀레니엄제이차,AB사채,KR6419861C27,엠에스밀레니엄제이차1(사모/콜),20220224,20240524,CALL,사모,PF대출채권,KRW,,"10,000,000,000 ","10,000,000,000 ",2.9,변동-이표,AA-,AA-,,,,,,,,,,,,,,,,,,,,,,,
56563,스위트제삼차,AB사채,KR6291872C27,스위트제삼차2-1(사모/콜),20220222,20240221,CALL,사모,PF대출채권,KRW,,"89,000,000,000 ","89,000,000,000 ",3.2,고정-이표,,,,,,,,,,,,,,,,,,,,,,,,,
56543,케이현제이차,AB사채,KR6417731C29,케이현제이차1(사모/콜/강제),20220221,20240427,CALL,사모,PF대출채권,KRW,,"12,000,000,000 ","12,000,000,000 ",4.5,고정-이표,,,,,,,,,,,,,,,,,,,,,,,,,
56450,이마스터제육차,AB사채,KR6402311C29,이마스터제육차1(사모/콜),20220214,20250817,CALL,사모,PF대출채권,KRW,,"5,000,000,000 ","5,000,000,000 ",6,고정-이표,,,,,,,,,,,,,,,,,,,,,,,,,
56418,창인베스트제일차,AB사채,KR6376601C24,창인베스트제일차 2(사모/콜),20220210,20240229,CALL,사모,PF대출채권,KRW,,"1,000,000,000 ","1,000,000,000 ",8,고정-이표,,,,,,,,,,,,,,,,,,,,,,,,,
56430,트리오제일차,AB사채,KR6377061C25,트리오제일차2(사모/콜),20220210,20240229,CALL,사모,PF대출채권,KRW,,"600,000,000 ","600,000,000 ",8.5,고정-이표,,,,,,,,,,,,,,,,,,,,,,,,,
56259,흥국케이뷰개발제일차,AB사채,KR6418971C18,흥국케이뷰개발제일차1(사모/콜),20220126,20240827,CALL,사모,PF대출채권,KRW,,"1,500,000,000 ","1,500,000,000 ",8,고정-이표,,,,,,,,,,,,,,,,,,,,,,,,,
56196,피디프로젝트원유동화전문,ABS,KR6401431C18,피디프로젝트원유동화전문1(콜/강제),20220120,20240920,CALL,공모,PF대출채권,KRW,,"58,000,000,000 ","58,000,000,000 ",2.728,고정-이표,AAA,,AAA,,,,,,,,,,,,,,,,,,,,,,
56109,에이치디비에이제일차,AB사채,KR6394901C16,에이치디비에이제일차7(사모/콜/강제),20220117,20251201,CALL,사모,PF대출채권,KRW,,"65,000,000,000 ","65,000,000,000 ",2.76,변동-이표,AA-,,AA-,,,,,,,,,,,,,,,,,,,,,,
52935,비욘드이목제일차,AB사채,KR6390171BC1,비욘드이목제일차2-1(사모/콜/강제),20211206,20240719,CALL,사모,PF대출채권,KRW,,"218,971,800,000 ","218,971,800,000 ",2.6,고정-이표,,,,,,,,,,,,,,,,,,,,,,,,,
55546,큐브반포제이차유동화전문,ABS,KR6405541BC8,큐브반포제이차유동화전문1(강제),20211202,20251101,옵션해당없음,공모,PF대출채권,KRW,,"100,000,000,000 ","100,000,000,000 ",2.38,고정-이표,,AA+,AA+,,,,,,,,,,,,,,,,,,,,,,
55526,플래닛서초제일차,AB사채,KR6407051BB8,플래닛서초제일차1(사모/콜),20211130,20251130,CALL,사모,PF대출채권,KRW,,"20,000,000,000 ","20,000,000,000 ",6,고정-이표,,,,,,,,,,,,,,,,,,,,,,,,,
55378,디케이내당,AB사채,KR6406971BB8,디케이내당 1(사모/콜/강제),20211129,20240829,CALL,사모,PF대출채권,KRW,,"14,000,000,000 ","14,000,000,000 ",6,변동-이표,,,,,,,,,,,,,,,,,,,,,,,,,
54069,올더웨이제팔차,AB사채,KR6387841BB6,올더웨이제팔차 1(사모/강제),20211123,20240423,옵션해당없음,사모,PF대출채권,KRW,,"1,000,000,000 ","1,000,000,000 ",8.5,고정-이표,,,,,,,,,,,,,,,,,,,,,,,,,
55336,흥국신촌제일차,AB사채,KR6409421BB1,흥국신촌제일차1(사모/콜),20211122,20240523,CALL,사모,PF대출채권,KRW,,"4,000,000,000 ","4,000,000,000 ",8,고정-이표,,,,,,,,,,,,,,,,,,,,,,,,,
55000,기은센와이제이,AB사채,KR6394741BA1,기은센와이제이1(사모/콜),20211029,20240329,CALL,사모,PF대출채권,KRW,,"4,000,000,000 ","4,000,000,000 ",7.5,고정-이표,,,,,,,,,,,,,,,,,,,,,,,,,
55037,제네시스에코델타유동화전문,ABS,KR6404031BA5,제네시스에코델타유동화전문1-1(사모/콜),20211029,20240831,CALL,사모,PF대출채권,KRW,,"79,000,000,000 ","79,000,000,000 ",2.419,고정-이표,AAA,AAA,,,,,,,,,,,,,,,,,,,,,,,
54768,에이치디비에이제일차,AB사채,KR6394901BA1,에이치디비에이제일차6(사모/콜/강제),20211015,20251201,CALL,사모,PF대출채권,KRW,,"27,500,000,000 ","27,500,000,000 ",2.61,변동-이표,AA-,,AA-,,,,,,,,,,,,,,,,,,,,,,
54706,뉴스타송도세븐제일차,AB사채,KR6404051BA3,뉴스타송도세븐제일차 1(사모/콜/강제),20211012,20241013,CALL,사모,PF대출채권,KRW,,"34,000,000,000 ","34,000,000,000 ",3.099,고정-이표,A+,A+,,,,,,,,,,,,,,,,,,,,,,,
54696,설비범어원,AB사채,KR6403581BA0,설비범어원1(사모/콜),20211008,20260208,CALL,사모,PF대출채권,KRW,,"10,000,000,000 ","10,000,000,000 ",5.8,고정-이표,,,,,,,,,,,,,,,,,,,,,,,,,
54129,엔에이치명지제이차,AB사채,KR6399971B94,엔에이치명지제이차1-1(사모/콜/강제),20210927,20250826,CALL,사모,PF대출채권,KRW,,"10,000,000,000 ","10,000,000,000 ",6,고정-이표,,,,,,,,,,,,,,,,,,,,,,,,,
54386,경산아이파크제일차,AB사채,KR6400086B92,경산아이파크제일차1-6(사모/콜),20210916,20240717,CALL,사모,PF대출채권,KRW,,"25,000,000,000 ","25,000,000,000 ",3.3,고정-이표,,A,A,,,,,,,,,,,,,,,,,,,,,,
54386,경산아이파크제일차,AB사채,KR6400087B91,경산아이파크제일차1-7(사모/콜),20210916,20240717,CALL,사모,PF대출채권,KRW,,"9,500,000,000 ","9,500,000,000 ",3.3,고정-이표,,A,A,,,,,,,,,,,,,,,,,,,,,,
54386,경산아이파크제일차,AB사채,KR6400088B90,경산아이파크제일차1-8(사모/콜),20210916,20240717,CALL,사모,PF대출채권,KRW,,"9,500,000,000 ","9,500,000,000 ",3.3,고정-이표,,A,A,,,,,,,,,,,,,,,,,,,,,,
53216,비욘드국사제이차,AB사채,KR6390781B93,비욘드국사제이차2(사모/콜),20210915,20250618,CALL,사모,PF대출채권,KRW,,"3,000,000,000 ","3,000,000,000 ",6,고정-이표,,,,,,,,,,,,,,,,,,,,,,,,,
54360,에이치디비에이제일차,AB사채,KR6394902B99,에이치디비에이제일차5(사모/콜/강제),20210915,20251201,CALL,사모,PF대출채권,KRW,,"22,500,000,000 ","22,500,000,000 ",2.48,변동-이표,AA-,,AA-,,,,,,,,,,,,,,,,,,,,,,
54224,에이치디비에이제일차,AB사채,KR6394901B90,에이치디비에이제일차4(사모/콜/강제),20210901,20251201,CALL,사모,PF대출채권,KRW,,"27,500,000,000 ","27,500,000,000 ",2.76,변동-이표,AA-,,AA-,,,,,,,,,,,,,,,,,,,,,,
54227,히스토리화곡제일차,AB사채,KR6399591B94,히스토리화곡제일차1(사모/콜),20210901,20250301,CALL,사모,PF대출채권,KRW,,"10,000,000,000 ","10,000,000,000 ",5.5,고정-이표,,,,,,,,,,,,,,,,,,,,,,,,,
53216,비욘드국사제이차,AB사채,KR6390781B85,비욘드국사제이차1(사모/콜),20210831,20250618,CALL,사모,PF대출채권,KRW,,"3,000,000,000 ","3,000,000,000 ",7.2,고정-이표,,,,,,,,,,,,,,,,,,,,,,,,,
54041,제이플라워제일차,AB사채,KR6397951B84,제이플라워제일차2(사모/콜),20210819,20240226,CALL,사모,PF대출채권,KRW,,"5,000,000,000 ","5,000,000,000 ",7.1,고정-이표,,,,,,,,,,,,,,,,,,,,,,,,,
54005,비케이백운제일차,AB사채,KR6398131B85,비케이백운제일차 1-1(사모/콜),20210818,20240819,CALL,사모,PF대출채권,KRW,,"70,000,000,000 ","70,000,000,000 ",2.2,고정-이표,,,,,,,,,,,,,,,,,,,,,,,,,
53988,큐브반포유동화전문,ABS,KR6397981B88,큐브반포유동화전문 1(강제),20210818,20250531,옵션해당없음,공모,PF대출채권,KRW,,"400,000,000,000 ","400,000,000,000 ",1.88,고정-이표,,AA+,AA+,,,,,,,,,,,,,,,,,,,,,,
54001,에이치디비에이제일차,AB사채,KR6394902B81,에이치디비에이제일차3(사모/콜/강제),20210817,20251201,CALL,사모,PF대출채권,KRW,,"43,800,000,000 ","43,800,000,000 ",2.3,고정-이표,AA-,,AA-,,,,,,,,,,,,,,,,,,,,,,
53991,에코아이리스,AB사채,KR6370701B84,에코아이리스 1(사모/콜/강제),20210817,20240317,CALL,사모,PF대출채권,KRW,,"31,000,000,000 ","31,000,000,000 ",2.85,고정-이표,A,A,,,,,,,,,,,,,,,,,,,,,,,
53980,브라이트스타제오차,AB사채,KR6394861B80,브라이트스타제오차1(사모/콜),20210813,20240712,CALL,사모,PF대출채권,KRW,,"45,000,000,000 ","45,000,000,000 ",3,고정-이표,,,,,,,,,,,,,,,,,,,,,,,,,
53835,에이치디비에이제일차,AB사채,KR6394901B82,에이치디비에이제일차2(사모/콜/강제),20210802,20251201,CALL,사모,PF대출채권,KRW,,"35,100,000,000 ","35,100,000,000 ",2.3,고정-이표,AA-,,AA-,,,,,,,,,,,,,,,,,,,,,,
53694,지디포프로젝트원유동화전문,ABS,KR6395701B73,지디포프로젝트원유동화전문1(콜/강제),20210723,20241123,CALL,공모,PF대출채권,KRW,,"110,000,000,000 ","110,000,000,000 ",1.922,고정-이표,AAA,AAA,,,,,,,,,,,,,,,,,,,,,,,
53654,하이스톰메이커제삼차,AB사채,KR6395591B76,하이스톰메이커제삼차 1(사모/콜),20210719,20250117,CALL,사모,PF대출채권,KRW,,"16,000,000,000 ","16,000,000,000 ",4.3,고정-이표,,,,,,,,,,,,,,,,,,,,,,,,,
53646,피에프개발제사차,AB사채,KR6393451B70,피에프개발제사차1(사모/콜),20210716,20240716,CALL,사모,PF대출채권,KRW,,"9,000,000,000 ","9,000,000,000 ",2.25,고정-이표,,AA-,AA-,,,,,,,,,,,,,,,,,,,,,,
53614,에이치디비에이,AB사채,KR6381252B76,에이치디비에이4(사모/콜/강제),20210715,20251201,CALL,사모,PF대출채권,KRW,,"36,100,000,000 ","36,100,000,000 ",2.3,고정-이표,AA-,,AA-,,,,,,,,,,,,,,,,,,,,,,
53615,에이치디비에이제일차,AB사채,KR6394901B74,에이치디비에이제일차 주식회사1(사모/콜/강제),20210715,20251201,CALL,사모,PF대출채권,KRW,,"10,000,000,000 ","10,000,000,000 ",2.3,고정-이표,AA-,,AA-,,,,,,,,,,,,,,,,,,,,,,
53592,지케이송현,AB사채,KR6394681B70,지케이송현1(사모/콜),20210715,20250430,CALL,사모,PF대출채권,KRW,,"29,100,000,000 ","29,100,000,000 ",3.08,변동-이표,,,,,,,,,,,,,,,,,,,,,,,,,
53587,에스제이그레이트제십차,AB사채,KR6394511B76,에스제이그레이트제십차1-1(사모/콜),20210713,20240712,CALL,사모,PF대출채권,KRW,,"30,000,000,000 ","30,000,000,000 ",3,고정-이표,A,,A,,,,,,,,,,,,,,,,,,,,,,
53587,에스제이그레이트제십차,AB사채,KR6394512B75,에스제이그레이트제십차1-2(사모/콜),20210713,20240712,CALL,사모,PF대출채권,KRW,,"20,000,000,000 ","20,000,000,000 ",3,고정-이표,A,,A,,,,,,,,,,,,,,,,,,,,,,
53413,뉴월드명지도스,AB사채,KR6393071B70,뉴월드명지도스1(사모/콜/강제),20210707,20250707,CALL,사모,PF대출채권,KRW,,"35,000,000,000 ","35,000,000,000 ",5.5,고정-이표,,,,,,,,,,,,,,,,,,,,,,,,,
53416,에이치디비에이,AB사채,KR6381251B77,에이치디비에이3(사모/콜/강제),20210701,20251201,CALL,사모,PF대출채권,KRW,,"33,300,000,000 ","33,300,000,000 ",2.3,고정-이표,AA-,,AA-,,,,,,,,,,,,,,,,,,,,,,
50156,희진제이차,AB사채,KR6376171B66,희진제이차3(사모/콜),20210629,20251229,CALL,사모,PF대출채권,KRW,,"8,700,000,000 ","8,700,000,000 ",2.15,고정-이표,,AA-,AA-,,,,,,,,,,,,,,,,,,,,,,
53298,디비안산제일차유동화전문,ABS,KR6391991B63,디비안산제일차유동화전문1(사모/강제),20210624,20240131,옵션해당없음,사모,PF대출채권,KRW,,"23,693,961,950 ","23,693,961,950 ",1.96,고정-이표,AAA,,AAA,,,,,,,,,,,,,,,,,,,,,,
53310,비욘드캐슬제삼차,AB사채,KR6361181B66,비욘드캐슬제삼차 4(사모/콜),20210624,20250224,CALL,사모,PF대출채권,KRW,,"400,000,000 ","400,000,000 ",3.8,고정-이표,,,,,,,,,,,,,,,,,,,,,,,,,
53305,중일프로젝트원유동화전문,ABS,KR6392171B63,중일프로젝트원유동화전문1(사모/콜/강제),20210624,20260424,CALL,사모,PF대출채권,KRW,,"100,000,000,000 ","100,000,000,000 ",2.144,고정-이표,AAA,AAA,,,,,,,,,,,,,,,,,,,,,,,
53231,히스토리삼송제일차,AB사채,KR6391861B60,히스토리삼송제일차 1(사모/콜),20210618,20240818,CALL,사모,PF대출채권,KRW,,"2,500,000,000 ","2,500,000,000 ",7.61,변동-이표,,,,,,,,,,,,,,,,,,,,,,,,,
53191,워킹타이거제이차,AB사채,KR6366911B62,워킹타이거제이차1(사모/콜),20210617,20250118,CALL,사모,PF대출채권,KRW,,"30,000,000,000 ","30,000,000,000 ",3.1,고정-이표,,,,,,,,,,,,,,,,,,,,,,,,,
53171,워킹타이거제일차,AB사채,KR6366901B64,워킹타이거제일차1(사모/콜),20210617,20250118,CALL,사모,PF대출채권,KRW,,"80,000,000,000 ","80,000,000,000 ",3.1,고정-이표,,,,,,,,,,,,,,,,,,,,,,,,,
52999,에이치디비에이,AB사채,KR6381253B67,에이치디비에이2(사모/콜/강제),20210615,20251201,CALL,사모,PF대출채권,KRW,,"13,300,000,000 ","13,300,000,000 ",2.3,고정-이표,AA-,,AA-,,,,,,,,,,,,,,,,,,,,,,
51090,더블유제이디제일차,AB사채,KR6383431B68,더블유제이디제일차3(사모/콜),20210614,20241011,CALL,사모,PF대출채권,KRW,,"1,300,000,000 ","1,300,000,000 ",2.2,고정-이표,,AA-,AA-,,,,,,,,,,,,,,,,,,,,,,
52935,비욘드이목제일차,AB사채,KR6390171B67,비욘드이목제일차1-1(사모/콜/강제),20210604,20240719,CALL,사모,PF대출채권,KRW,,"218,971,800,000 ","218,971,800,000 ",1.75,고정-이표,,,,,,,,,,,,,,,,,,,,,,,,,
52844,에이치디비에이,AB사채,KR6381252B68,에이치디비에이1-1(사모/콜/강제),20210601,20251201,CALL,사모,PF대출채권,KRW,,"10,000,000,000 ","10,000,000,000 ",2.3,고정-이표,AA-,,AA-,,,,,,,,,,,,,,,,,,,,,,
52849,에이치디비에이,AB사채,KR6381251B69,에이치디비에이1-2(사모/콜/강제),20210601,20251201,CALL,사모,PF대출채권,KRW,,"7,300,000,000 ","7,300,000,000 ",2.3,고정-이표,AA-,,AA-,,,,,,,,,,,,,,,,,,,,,,
52880,히스토리영등포제일차,AB사채,KR6389491B54,히스토리영등포제일차1(사모/콜),20210531,20240329,CALL,사모,PF대출채권,KRW,,"5,000,000,000 ","5,000,000,000 ",6,고정-이표,,,,,,,,,,,,,,,,,,,,,,,,,
52770,디어스판교,AB사채,KR6385221B59,디어스판교1(사모/콜/강제),20210527,20240527,CALL,사모,PF대출채권,KRW,,"111,800,000,000 ","111,800,000,000 ",1.6,고정-이표,,,,,,,,,,,,,,,,,,,,,,,,,
50329,트리알제일차,AB사채,KR6371041B57,트리알제일차 1(사모/콜),20210527,20240409,CALL,사모,PF대출채권,KRW,,"8,500,000,000 ","8,500,000,000 ",9,고정-이표,,,,,,,,,,,,,,,,,,,,,,,,,
52649,뉴스타침산제일차,AB사채,KR6356531B55,뉴스타침산제일차 1(사모/콜),20210524,20240430,CALL,사모,PF대출채권,KRW,,"7,800,000,000 ","7,800,000,000 ",3.45,고정-이표,,,,,,,,,,,,,,,,,,,,,,,,,
51090,더블유제이디제일차,AB사채,KR6383431B50,더블유제이디제일차2(사모/콜),20210512,20241011,CALL,사모,PF대출채권,KRW,,"13,500,000,000 ","13,500,000,000 ",2,고정-이표,,AA-,AA-,,,,,,,,,,,,,,,,,,,,,,
52045,메가붐바제일차,AB사채,KR6386251B50,메가붐바제일차1(사모/콜),20210512,20241212,CALL,사모,PF대출채권,KRW,,"15,000,000,000 ","15,000,000,000 ",5.2,고정-이표,,,,,,,,,,,,,,,,,,,,,,,,,
52012,디티프로젝트원유동화전문,ABS,KR6386821B51,디티프로젝트원유동화전문1(콜/강제),20210511,20250311,CALL,공모,PF대출채권,KRW,,"75,000,000,000 ","75,000,000,000 ",1.712,고정-이표,AAA,,AAA,,,,,,,,,,,,,,,,,,,,,,
51750,에코파인트리플유동화전문,ABS,KR6382931B40,에코파인트리플유동화전문1(사모/콜/강제),20210430,20291209,CALL,사모,PF대출채권,KRW,,"40,000,000,000 ","40,000,000,000 ",2.22,고정-이표,,,,,,,,,,,,,,,,,,,,,,,,,
51719,세븐스타즈제이차,AB사채,KR6386011B44,세븐스타즈제이차1(사모/콜),20210429,20260429,CALL,사모,PF대출채권,KRW,,"30,000,000,000 ","30,000,000,000 ",2.65,고정-이표,AA-,AA-,,,,,,,,,,,,,,,,,,,,,,,
51545,송도피식스제일차,AB사채,KR6384191B41,송도피식스제일차1(사모/콜/강제),20210421,20240422,CALL,사모,PF대출채권,KRW,,"100,000,000,000 ","100,000,000,000 ",2.504,고정-이표,A+,A+,,,,,,,,,,,,,,,,,,,,,,,
51066,스마트평택석정제삼차,AB사채,KR6383051B42,스마트평택석정제삼차1(사모/콜),20210413,20251013,CALL,사모,PF대출채권,KRW,,"10,000,000,000 ","10,000,000,000 ",7,고정-이표,,,,,,,,,,,,,,,,,,,,,,,,,
51090,더블유제이디제일차,AB사채,KR6383431B43,더블유제이디제일차1(사모/콜),20210412,20241011,CALL,사모,PF대출채권,KRW,,"15,800,000,000 ","15,800,000,000 ",2,고정-이표,,AA-,AA-,,,,,,,,,,,,,,,,,,,,,,
50874,디비위성유동화전문,ABS,KR6380281B32,디비위성유동화전문1-1(사모/강제),20210326,20250430,옵션해당없음,사모,PF대출채권,KRW,,"20,000,000,000 ","20,000,000,000 ",1.87,고정-이표,,AAA,AAA,,,,,,,,,,,,,,,,,,,,,,
50874,디비위성유동화전문,ABS,KR6380282B31,디비위성유동화전문1-2(사모/강제),20210326,20250430,옵션해당없음,사모,PF대출채권,KRW,,"20,000,000,000 ","20,000,000,000 ",1.89,고정-이표,,AAA,AAA,,,,,,,,,,,,,,,,,,,,,,
50660,드림골드스타제일차유동화전문,ABS,KR6367892B30,드림골드스타제일차유동화전문 1(콜/강제),20210324,20240228,CALL,공모,PF대출채권,KRW,,"145,000,000,000 ","145,000,000,000 ",1.617,고정-이표,AAA,,AAA,,,,,,,,,,,,,,,,,,,,,,
50848,비욘드캐슬제삼차,AB사채,KR6361181B33,비욘드캐슬제삼차 3(사모/콜),20210324,20250224,CALL,사모,PF대출채권,KRW,,"700,000,000 ","700,000,000 ",3.8,고정-이표,,,,,,,,,,,,,,,,,,,,,,,,,
50592,비욘드우동제이차,AB사채,KR6379211B39,비욘드우동제이차1(사모/콜),20210302,20240702,CALL,사모,PF대출채권,KRW,,"15,000,000,000 ","15,000,000,000 ",5,고정-이표,,,,,,,,,,,,,,,,,,,,,,,,,
50561,에코베라,AB사채,KR6379351B21,에코베라 1(사모/콜),20210226,20240226,CALL,사모,PF대출채권,KRW,,"5,000,000,000 ","5,000,000,000 ",7,고정-이표,,,,,,,,,,,,,,,,,,,,,,,,,
50496,희진제이차,AB사채,KR6376171B25,희진제이차2(사모/콜),20210226,20251229,CALL,사모,PF대출채권,KRW,,"13,800,000,000 ","13,800,000,000 ",2.15,고정-이표,,AA-,AA-,,,,,,,,,,,,,,,,,,,,,,
50457,뉴스텔라제십삼차,AB사채,KR6378771B25,뉴스텔라제십삼차 주식회사1(사모),20210223,20241226,옵션해당없음,사모,PF대출채권,KRW,,"20,000,000,000 ","20,000,000,000 ",3.5,고정-이표,,,,,,,,,,,,,,,,,,,,,,,,,
50269,제로에너지하우스2호유동화전문,ABS,KR6377561B21,제로에너지하우스2호유동화전문1(사모/콜/강제),20210203,20310428,CALL,사모,PF대출채권,KRW,,"50,000,000,000 ","50,000,000,000 ",3,고정-이표,,AAA,,,,,,,,,,,,,,,,,,,,,,,
50151,와이제이엘에프제오차,AB사채,KR6377111B18,와이제이엘에프제오차 1(사모/콜),20210129,20250129,CALL,사모,PF대출채권,KRW,,"10,000,000,000 ","10,000,000,000 ",5,고정-이표,,,,,,,,,,,,,,,,,,,,,,,,,
50156,희진제이차,AB사채,KR6376171B17,희진제이차1(사모/콜),20210129,20251229,CALL,사모,PF대출채권,KRW,,"50,000,000,000 ","50,000,000,000 ",2.15,고정-이표,,AA-,AA-,,,,,,,,,,,,,,,,,,,,,,
50193,매소홀그레이스제일차유동화전문,ABS,KR6375261B10,매소홀그레이스제일차유동화전문1(사모/콜/강제),20210128,20240328,CALL,사모,PF대출채권,KRW,,"33,000,000,000 ","33,000,000,000 ",1.509,고정-이표,,,,,,,,,,,,,,,,,,,,,,,,,
50006,지디프로젝트원유동화전문,ABS,KR6375781B11,지디프로젝트원유동화전문1(콜/강제),20210120,20240420,CALL,공모,PF대출채권,KRW,,"97,000,000,000 ","97,000,000,000 ",1.419,고정-이표,,AAA,AAA,,,,,,,,,,,,,,,,,,,,,,
49949,뉴스텔라제십이차,AB사채,KR6375751B17,뉴스텔라제십이차1(사모/콜),20210111,20240912,CALL,사모,PF대출채권,KRW,,"22,500,000,000 ","22,500,000,000 ",2.8,고정-이표,,,,,,,,,,,,,,,,,,,,,,,,,
,,,,,,,,,,,,,"11,090,062,174,154 ",,,,,,,,,,,,,,,,,,,,,,,,,,,